match_id,player_name,date,competition,opponent,started,position,minutes_played,goals,assists,shots,shots_on_target,xg,xag,passes_completed,passes_attempted,key_passes,progressive_passes,tackles,interceptions,blocks,yellow_cards,red_cards,saves,goals_against_gk,clean_sheet
ARG_20210614_Chile,Emiliano Martínez,2021-06-14,Copa América 2021,Chile,True,G,90,0,0,0,0,,,6,12,0,0,0,0,0,0,0,3.0,1.0,False
ARG_20210614_Chile,Gonzalo Montiel,2021-06-14,Copa América 2021,Chile,True,D,85,0,0,0,0,,,23,27,2,0,1,2,0,0,0,,,
ARG_20210614_Chile,Nicolás Otamendi,2021-06-14,Copa América 2021,Chile,True,D,90,0,0,0,0,,,42,47,0,0,4,3,0,0,0,,,
ARG_20210614_Chile,Nicolás Tagliafico,2021-06-14,Copa América 2021,Chile,True,D,90,0,0,0,0,,,14,19,2,0,1,2,0,0,0,,,
ARG_20210614_Chile,Rodrigo De Paul,2021-06-14,Copa América 2021,Chile,True,M,90,0,0,0,0,,,35,41,0,0,1,2,0,0,0,,,
ARG_20210614_Chile,Leandro Paredes,2021-06-14,Copa América 2021,Chile,True,M,68,0,0,0,0,,,36,40,0,0,2,0,0,0,0,,,
ARG_20210614_Chile,Giovani Lo Celso,2021-06-14,Copa América 2021,Chile,True,M,67,0,0,0,0,,,14,14,3,0,1,1,0,0,0,,,
ARG_20210614_Chile,Lionel Messi,2021-06-14,Copa América 2021,Chile,True,F,90,1,0,7,3,,,29,36,4,0,1,0,0,0,0,,,
ARG_20210614_Chile,Lautaro Martínez,2021-06-14,Copa América 2021,Chile,True,F,80,0,0,3,0,,,7,8,1,0,1,0,0,0,0,,,
ARG_20210614_Chile,Nicolás González,2021-06-14,Copa América 2021,Chile,True,F,80,0,0,6,2,,,9,13,1,0,1,3,0,0,0,,,
ARG_20210614_Chile,Exequiel Palacios,2021-06-14,Copa América 2021,Chile,False,M,22,0,0,0,0,,,7,10,0,0,1,0,0,0,0,,,
ARG_20210614_Chile,Nahuel Molina,2021-06-14,Copa América 2021,Chile,False,D,15,0,0,0,0,,,9,11,0,0,0,0,0,0,0,,,
ARG_20210614_Chile,Lisandro Martínez,2021-06-14,Copa América 2021,Chile,False,D,45,0,0,0,0,,,0,0,0,0,0,0,0,0,0,,,
ARG_20210619_Uruguay,Emiliano Martínez,2021-06-19,Copa América 2021,Uruguay,True,G,90,0,0,0,0,,,16,32,0,0,0,0,0,0,0,0.0,0.0,True
ARG_20210619_Uruguay,Nahuel Molina,2021-06-19,Copa América 2021,Uruguay,True,D,90,0,0,1,1,,,24,30,0,0,0,1,0,0,0,,,
ARG_20210619_Uruguay,Cristian Romero,2021-06-19,Copa América 2021,Uruguay,True,D,90,0,0,1,1,,,36,42,0,0,1,0,0,0,0,,,
ARG_20210619_Uruguay,Nicolás Otamendi,2021-06-19,Copa América 2021,Uruguay,True,D,90,0,0,0,0,,,42,45,0,0,0,3,0,0,0,,,
ARG_20210619_Uruguay,Rodrigo De Paul,2021-06-19,Copa América 2021,Uruguay,True,M,89,0,0,0,0,,,57,64,2,0,1,3,0,0,0,,,
ARG_20210619_Uruguay,Giovani Lo Celso,2021-06-19,Copa América 2021,Uruguay,True,M,52,0,0,0,0,,,24,28,0,0,1,0,0,0,0,,,
ARG_20210619_Uruguay,Lionel Messi,2021-06-19,Copa América 2021,Uruguay,True,F,90,0,1,2,1,,,40,47,4,0,1,0,0,0,0,,,
ARG_20210619_Uruguay,Lautaro Martínez,2021-06-19,Copa América 2021,Uruguay,True,F,52,0,0,1,0,,,5,6,0,0,0,1,1,0,0,,,
ARG_20210619_Uruguay,Nicolás González,2021-06-19,Copa América 2021,Uruguay,True,F,70,0,0,0,0,,,14,20,0,0,0,1,0,0,0,,,
ARG_20210619_Uruguay,Exequiel Palacios,2021-06-19,Copa América 2021,Uruguay,False,M,38,0,0,0,0,,,20,22,0,0,0,0,0,0,0,,,
ARG_20210619_Uruguay,Juan Musso,2021-06-19,Copa América 2021,Uruguay,False,G,45,0,0,0,0,,,0,0,0,0,0,0,0,0,0,0.0,0.0,True
ARG_20210619_Uruguay,Nicolás Tagliafico,2021-06-19,Copa América 2021,Uruguay,False,D,45,0,0,0,0,,,0,0,0,0,0,0,0,0,0,,,
ARG_20210619_Uruguay,Gonzalo Montiel,2021-06-19,Copa América 2021,Uruguay,False,D,45,0,0,0,0,,,0,0,0,0,0,0,0,0,0,,,
ARG_20210619_Uruguay,Leandro Paredes,2021-06-19,Copa América 2021,Uruguay,False,M,45,0,0,0,0,,,0,0,0,0,0,0,0,0,0,,,
ARG_20210622_Paraguay,Emiliano Martínez,2021-06-22,Copa América 2021,Paraguay,True,G,90,0,0,0,0,,,18,23,0,0,0,0,0,0,0,2.0,0.0,True
ARG_20210622_Paraguay,Nahuel Molina,2021-06-22,Copa América 2021,Paraguay,True,D,90,0,0,0,0,,,40,45,0,0,6,3,0,0,0,,,
ARG_20210622_Paraguay,Cristian Romero,2021-06-22,Copa América 2021,Paraguay,True,D,90,0,0,0,0,,,33,38,0,0,3,2,1,0,0,,,
ARG_20210622_Paraguay,Nicolás Tagliafico,2021-06-22,Copa América 2021,Paraguay,True,D,90,0,0,0,0,,,23,30,0,0,2,2,1,0,0,,,
ARG_20210622_Paraguay,Leandro Paredes,2021-06-22,Copa América 2021,Paraguay,True,M,81,0,0,0,0,,,38,40,1,0,3,0,0,0,0,,,
ARG_20210622_Paraguay,Lionel Messi,2021-06-22,Copa América 2021,Paraguay,True,M,90,0,0,3,2,,,34,41,1,0,2,0,0,0,0,,,
ARG_20210622_Paraguay,Rodrigo De Paul,2021-06-22,Copa América 2021,Paraguay,False,M,18,0,0,0,0,,,13,16,0,0,0,0,0,0,0,,,
ARG_20210622_Paraguay,Lisandro Martínez,2021-06-22,Copa América 2021,Paraguay,False,D,45,0,0,0,0,,,0,0,0,0,0,0,0,0,0,,,
ARG_20210622_Paraguay,Gonzalo Montiel,2021-06-22,Copa América 2021,Paraguay,False,D,45,0,0,0,0,,,0,0,0,0,0,0,0,0,0,,,
ARG_20210622_Paraguay,Lautaro Martínez,2021-06-22,Copa América 2021,Paraguay,False,F,45,0,0,0,0,,,0,0,0,0,0,0,0,0,0,,,
ARG_20210622_Paraguay,Julián Álvarez,2021-06-22,Copa América 2021,Paraguay,False,F,45,0,0,0,0,,,0,0,0,0,0,0,0,0,0,,,
ARG_20210629_Bolivia,Gonzalo Montiel,2021-06-29,Copa América 2021,Bolivia,True,D,90,0,0,1,0,,,65,68,0,0,0,2,0,0,0,,,
ARG_20210629_Bolivia,Lisandro Martínez,2021-06-29,Copa América 2021,Bolivia,True,D,90,0,0,1,1,,,89,94,0,0,1,2,0,0,0,,,
ARG_20210629_Bolivia,Exequiel Palacios,2021-06-29,Copa América 2021,Bolivia,True,M,71,0,0,0,0,,,61,68,1,0,1,1,0,0,0,,,
ARG_20210629_Bolivia,Lionel Messi,2021-06-29,Copa América 2021,Bolivia,True,M,90,2,1,5,4,,,59,75,1,0,1,1,0,0,0,,,
ARG_20210629_Bolivia,Julián Álvarez,2021-06-29,Copa América 2021,Bolivia,False,F,34,0,0,1,1,,,26,29,0,0,1,0,0,0,0,,,
ARG_20210629_Bolivia,Lautaro Martínez,2021-06-29,Copa América 2021,Bolivia,False,F,27,1,0,3,3,,,6,10,0,0,0,0,0,0,0,,,
ARG_20210629_Bolivia,Giovani Lo Celso,2021-06-29,Copa América 2021,Bolivia,False,M,26,0,0,0,0,,,19,21,0,0,0,1,0,0,0,,,
ARG_20210629_Bolivia,Leandro Paredes,2021-06-29,Copa América 2021,Bolivia,False,M,19,0,0,1,0,,,33,34,1,0,1,0,2,0,0,,,
ARG_20210629_Bolivia,Juan Musso,2021-06-29,Copa América 2021,Bolivia,False,G,45,0,0,0,0,,,0,0,0,0,0,0,0,0,0,0.0,1.0,False
ARG_20210629_Bolivia,Nicolás Otamendi,2021-06-29,Copa América 2021,Bolivia,False,D,45,0,0,0,0,,,0,0,0,0,0,0,0,0,0,,,
ARG_20210629_Bolivia,Nicolás Tagliafico,2021-06-29,Copa América 2021,Bolivia,False,D,45,0,0,0,0,,,0,0,0,0,0,0,0,0,0,,,
ARG_20210629_Bolivia,Nicolás González,2021-06-29,Copa América 2021,Bolivia,False,F,45,0,0,0,0,,,0,0,0,0,0,0,0,0,0,,,
ARG_20210629_Bolivia,Rodrigo De Paul,2021-06-29,Copa América 2021,Bolivia,False,M,45,0,0,0,0,,,0,0,0,0,0,0,0,0,0,,,
ARG_20201009_Ecuador,Gonzalo Montiel,2020-10-09,World Cup Qualifying 2022 - CONMEBOL,Ecuador,True,D,84,0,0,0,0,,,48,59,0,0,4,4,0,0,0,,,
ARG_20201009_Ecuador,Nicolás Otamendi,2020-10-09,World Cup Qualifying 2022 - CONMEBOL,Ecuador,True,D,90,0,0,0,0,,,51,64,0,0,0,4,0,0,0,,,
ARG_20201009_Ecuador,Nicolás Tagliafico,2020-10-09,World Cup Qualifying 2022 - CONMEBOL,Ecuador,True,D,90,0,0,0,0,,,34,40,0,0,0,1,0,0,0,,,
ARG_20201009_Ecuador,Rodrigo De Paul,2020-10-09,World Cup Qualifying 2022 - CONMEBOL,Ecuador,True,M,90,0,0,1,0,,,57,64,0,0,2,2,0,0,0,,,
ARG_20201009_Ecuador,Leandro Paredes,2020-10-09,World Cup Qualifying 2022 - CONMEBOL,Ecuador,True,M,90,0,0,1,0,,,68,75,0,0,0,1,0,0,0,,,
ARG_20201009_Ecuador,Lionel Messi,2020-10-09,World Cup Qualifying 2022 - CONMEBOL,Ecuador,True,M,90,1,0,3,1,,,41,48,2,0,2,1,0,0,0,,,
ARG_20201009_Ecuador,Lautaro Martínez,2020-10-09,World Cup Qualifying 2022 - CONMEBOL,Ecuador,True,F,76,0,0,1,0,,,9,11,3,0,1,0,0,0,0,,,
ARG_20201009_Ecuador,Emiliano Martínez,2020-10-09,World Cup Qualifying 2022 - CONMEBOL,Ecuador,False,G,45,0,0,0,0,,,0,0,0,0,0,0,0,0,0,0.0,0.0,True
ARG_20201009_Ecuador,Exequiel Palacios,2020-10-09,World Cup Qualifying 2022 - CONMEBOL,Ecuador,False,M,45,0,0,0,0,,,0,0,0,0,0,0,0,0,0,,,
ARG_20201013_Bolivia,Gonzalo Montiel,2020-10-13,World Cup Qualifying 2022 - CONMEBOL,Bolivia,True,D,90,0,0,0,0,,,19,26,0,0,1,2,0,0,0,,,
ARG_20201013_Bolivia,Nicolás Otamendi,2020-10-13,World Cup Qualifying 2022 - CONMEBOL,Bolivia,True,D,90,0,0,1,0,,,25,30,0,0,1,0,0,0,0,,,
ARG_20201013_Bolivia,Nicolás Tagliafico,2020-10-13,World Cup Qualifying 2022 - CONMEBOL,Bolivia,True,D,90,0,0,1,0,,,22,27,0,0,0,6,0,0,0,,,
ARG_20201013_Bolivia,Rodrigo De Paul,2020-10-13,World Cup Qualifying 2022 - CONMEBOL,Bolivia,True,M,69,0,0,0,0,,,22,26,2,0,2,1,0,0,0,,,
ARG_20201013_Bolivia,Leandro Paredes,2020-10-13,World Cup Qualifying 2022 - CONMEBOL,Bolivia,True,M,69,0,0,3,0,,,23,29,3,0,0,1,0,0,0,,,
ARG_20201013_Bolivia,Exequiel Palacios,2020-10-13,World Cup Qualifying 2022 - CONMEBOL,Bolivia,True,M,90,0,0,1,0,,,44,49,1,0,4,1,0,0,0,,,
ARG_20201013_Bolivia,Lionel Messi,2020-10-13,World Cup Qualifying 2022 - CONMEBOL,Bolivia,True,F,90,0,0,3,0,,,28,32,5,0,0,0,0,0,0,,,
ARG_20201013_Bolivia,Lautaro Martínez,2020-10-13,World Cup Qualifying 2022 - CONMEBOL,Bolivia,True,F,89,1,1,4,2,,,12,19,1,0,0,0,0,0,0,,,
ARG_20201013_Bolivia,Facundo Medina,2020-10-13,World Cup Qualifying 2022 - CONMEBOL,Bolivia,False,D,9,0,0,0,0,,,0,2,0,0,1,0,0,0,0,,,
ARG_20201013_Bolivia,Emiliano Martínez,2020-10-13,World Cup Qualifying 2022 - CONMEBOL,Bolivia,False,G,45,0,0,0,0,,,0,0,0,0,0,0,0,0,0,0.0,1.0,False
ARG_20201013_Bolivia,Alexis Mac Allister,2020-10-13,World Cup Qualifying 2022 - CONMEBOL,Bolivia,False,M,45,0,0,0,0,,,0,0,0,0,0,0,0,0,0,,,
ARG_20201113_Paraguay,Gonzalo Montiel,2020-11-13,World Cup Qualifying 2022 - CONMEBOL,Paraguay,True,D,90,0,0,0,0,,,34,38,1,0,0,0,0,0,0,,,
ARG_20201113_Paraguay,Nicolás Otamendi,2020-11-13,World Cup Qualifying 2022 - CONMEBOL,Paraguay,True,D,90,0,0,0,0,,,79,91,0,0,1,4,1,0,0,,,
ARG_20201113_Paraguay,Rodrigo De Paul,2020-11-13,World Cup Qualifying 2022 - CONMEBOL,Paraguay,True,M,83,0,0,3,1,,,65,73,0,0,0,1,0,0,0,,,
ARG_20201113_Paraguay,Leandro Paredes,2020-11-13,World Cup Qualifying 2022 - CONMEBOL,Paraguay,True,M,90,0,0,0,0,,,83,87,0,0,3,1,0,0,0,,,
ARG_20201113_Paraguay,Exequiel Palacios,2020-11-13,World Cup Qualifying 2022 - CONMEBOL,Paraguay,True,M,29,0,0,0,0,,,24,28,0,0,1,0,0,0,0,,,
ARG_20201113_Paraguay,Nicolás González,2020-11-13,World Cup Qualifying 2022 - CONMEBOL,Paraguay,True,M,90,1,0,1,1,,,32,42,1,0,3,3,0,0,0,,,
ARG_20201113_Paraguay,Lionel Messi,2020-11-13,World Cup Qualifying 2022 - CONMEBOL,Paraguay,True,F,90,0,0,5,1,,,44,55,2,0,1,0,0,0,0,,,
ARG_20201113_Paraguay,Lautaro Martínez,2020-11-13,World Cup Qualifying 2022 - CONMEBOL,Paraguay,True,F,83,0,0,4,2,,,4,8,0,0,1,1,0,0,0,,,
ARG_20201113_Paraguay,Giovani Lo Celso,2020-11-13,World Cup Qualifying 2022 - CONMEBOL,Paraguay,False,M,61,0,1,0,0,,,44,50,3,0,5,0,0,0,0,,,
ARG_20201113_Paraguay,Emiliano Martínez,2020-11-13,World Cup Qualifying 2022 - CONMEBOL,Paraguay,False,G,45,0,0,0,0,,,0,0,0,0,0,0,0,0,0,0.0,1.0,False
ARG_20201113_Paraguay,Facundo Medina,2020-11-13,World Cup Qualifying 2022 - CONMEBOL,Paraguay,False,D,45,0,0,0,0,,,0,0,0,0,0,0,0,0,0,,,
ARG_20201118_Peru,Gonzalo Montiel,2020-11-18,World Cup Qualifying 2022 - CONMEBOL,Peru,True,D,90,0,0,0,0,,,31,39,0,0,1,1,0,0,0,,,
ARG_20201118_Peru,Nicolás Otamendi,2020-11-18,World Cup Qualifying 2022 - CONMEBOL,Peru,True,D,90,0,0,0,0,,,31,38,0,0,1,2,0,0,0,,,
ARG_20201118_Peru,Nicolás Tagliafico,2020-11-18,World Cup Qualifying 2022 - CONMEBOL,Peru,True,D,90,0,0,1,0,,,35,45,1,0,1,1,0,0,0,,,
ARG_20201118_Peru,Rodrigo De Paul,2020-11-18,World Cup Qualifying 2022 - CONMEBOL,Peru,True,M,57,0,0,0,0,,,17,22,1,0,1,1,0,0,0,,,
ARG_20201118_Peru,Leandro Paredes,2020-11-18,World Cup Qualifying 2022 - CONMEBOL,Peru,True,M,90,0,1,0,0,,,56,65,3,0,2,5,0,0,0,,,
ARG_20201118_Peru,Giovani Lo Celso,2020-11-18,World Cup Qualifying 2022 - CONMEBOL,Peru,True,M,90,0,1,1,0,,,56,63,1,0,3,0,0,0,0,,,
ARG_20201118_Peru,Nicolás González,2020-11-18,World Cup Qualifying 2022 - CONMEBOL,Peru,True,M,72,1,0,1,1,,,12,18,1,0,1,1,0,0,0,,,
ARG_20201118_Peru,Lionel Messi,2020-11-18,World Cup Qualifying 2022 - CONMEBOL,Peru,True,F,90,0,0,6,0,,,51,58,1,0,3,1,0,0,0,,,
ARG_20201118_Peru,Lautaro Martínez,2020-11-18,World Cup Qualifying 2022 - CONMEBOL,Peru,True,F,89,1,0,1,1,,,12,12,0,0,1,0,0,0,0,,,
ARG_20201118_Peru,Facundo Medina,2020-11-18,World Cup Qualifying 2022 - CONMEBOL,Peru,False,D,45,0,0,0,0,,,0,0,0,0,0,0,0,0,0,,,
ARG_20211010_Uruguay,Emiliano Martínez,2021-10-10,World Cup Qualifying 2022 - CONMEBOL,Uruguay,True,G,90,0,0,0,0,,,21,24,0,0,0,0,0,0,0,6.0,0.0,True
ARG_20211010_Uruguay,Nahuel Molina,2021-10-10,World Cup Qualifying 2022 - CONMEBOL,Uruguay,True,D,90,0,0,0,0,,,33,39,0,0,2,0,0,0,0,,,
ARG_20211010_Uruguay,Cristian Romero,2021-10-10,World Cup Qualifying 2022 - CONMEBOL,Uruguay,True,D,90,0,0,0,0,,,68,76,0,0,5,0,0,0,0,,,
ARG_20211010_Uruguay,Nicolás Otamendi,2021-10-10,World Cup Qualifying 2022 - CONMEBOL,Uruguay,True,D,81,0,0,0,0,,,65,71,0,0,1,0,0,0,0,,,
ARG_20211010_Uruguay,Nicolás Tagliafico,2021-10-10,World Cup Qualifying 2022 - CONMEBOL,Uruguay,True,D,90,0,0,1,0,,,55,60,3,0,2,0,0,0,0,,,
ARG_20211010_Uruguay,Leandro Paredes,2021-10-10,World Cup Qualifying 2022 - CONMEBOL,Uruguay,True,M,75,0,0,1,0,,,74,77,0,0,2,1,0,0,0,,,
ARG_20211010_Uruguay,Rodrigo De Paul,2021-10-10,World Cup Qualifying 2022 - CONMEBOL,Uruguay,True,M,65,1,0,1,1,,,55,58,5,0,2,0,0,0,0,,,
ARG_20211010_Uruguay,Giovani Lo Celso,2021-10-10,World Cup Qualifying 2022 - CONMEBOL,Uruguay,True,M,90,0,2,6,1,,,63,76,6,0,1,0,0,0,0,,,
ARG_20211010_Uruguay,Lionel Messi,2021-10-10,World Cup Qualifying 2022 - CONMEBOL,Uruguay,True,M,90,1,0,6,3,,,58,73,3,0,0,0,0,0,0,,,
ARG_20211010_Uruguay,Nicolás González,2021-10-10,World Cup Qualifying 2022 - CONMEBOL,Uruguay,True,M,75,0,0,0,0,,,33,41,1,0,3,2,0,0,0,,,
ARG_20211010_Uruguay,Lautaro Martínez,2021-10-10,World Cup Qualifying 2022 - CONMEBOL,Uruguay,True,F,65,1,1,5,2,,,11,14,2,0,1,0,0,0,0,,,
ARG_20211010_Uruguay,Exequiel Palacios,2021-10-10,World Cup Qualifying 2022 - CONMEBOL,Uruguay,False,M,15,0,0,0,0,,,17,20,0,0,0,0,0,0,0,,,
ARG_20211010_Uruguay,Julián Álvarez,2021-10-10,World Cup Qualifying 2022 - CONMEBOL,Uruguay,False,F,15,0,0,0,0,,,11,12,2,0,0,1,0,0,0,,,
ARG_20211010_Uruguay,Facundo Medina,2021-10-10,World Cup Qualifying 2022 - CONMEBOL,Uruguay,False,D,9,0,0,0,0,,,18,21,0,0,0,0,0,0,0,,,
ARG_20211010_Uruguay,Juan Musso,2021-10-10,World Cup Qualifying 2022 - CONMEBOL,Uruguay,False,G,45,0,0,0,0,,,0,0,0,0,0,0,0,0,0,0.0,0.0,True
ARG_20211010_Uruguay,Gonzalo Montiel,2021-10-10,World Cup Qualifying 2022 - CONMEBOL,Uruguay,False,D,45,0,0,0,0,,,0,0,0,0,0,0,0,0,0,,,
ARG_20210604_Chile,Emiliano Martínez,2021-06-04,World Cup Qualifying 2022 - CONMEBOL,Chile,True,G,90,0,0,0,0,,,18,22,0,0,0,0,0,0,0,0.0,1.0,False
ARG_20210604_Chile,Cristian Romero,2021-06-04,World Cup Qualifying 2022 - CONMEBOL,Chile,True,D,90,0,0,0,0,,,53,62,0,0,2,3,0,0,0,,,
ARG_20210604_Chile,Nicolás Tagliafico,2021-06-04,World Cup Qualifying 2022 - CONMEBOL,Chile,True,D,90,0,0,0,0,,,42,49,2,0,3,1,0,0,0,,,
ARG_20210604_Chile,Rodrigo De Paul,2021-06-04,World Cup Qualifying 2022 - CONMEBOL,Chile,True,M,90,0,0,4,0,,,79,85,0,0,1,1,0,0,0,,,
ARG_20210604_Chile,Leandro Paredes,2021-06-04,World Cup Qualifying 2022 - CONMEBOL,Chile,True,M,81,0,0,1,1,,,59,62,1,0,2,2,0,0,0,,,
ARG_20210604_Chile,Lionel Messi,2021-06-04,World Cup Qualifying 2022 - CONMEBOL,Chile,True,F,90,1,0,5,4,,,49,58,2,0,1,0,0,0,0,,,
ARG_20210604_Chile,Lautaro Martínez,2021-06-04,World Cup Qualifying 2022 - CONMEBOL,Chile,True,F,90,0,0,2,1,,,7,8,2,0,1,0,0,0,0,,,
ARG_20210604_Chile,Lisandro Martínez,2021-06-04,World Cup Qualifying 2022 - CONMEBOL,Chile,False,D,45,0,0,0,0,,,30,34,0,0,0,1,0,0,0,,,
ARG_20210604_Chile,Julián Álvarez,2021-06-04,World Cup Qualifying 2022 - CONMEBOL,Chile,False,F,28,0,0,0,0,,,14,14,1,0,2,0,0,0,0,,,
ARG_20210604_Chile,Nahuel Molina,2021-06-04,World Cup Qualifying 2022 - CONMEBOL,Chile,False,D,9,0,0,0,0,,,7,7,1,0,0,0,0,0,0,,,
ARG_20210604_Chile,Exequiel Palacios,2021-06-04,World Cup Qualifying 2022 - CONMEBOL,Chile,False,M,9,0,0,0,0,,,10,13,0,0,0,0,0,0,0,,,
ARG_20210604_Chile,Juan Musso,2021-06-04,World Cup Qualifying 2022 - CONMEBOL,Chile,False,G,45,0,0,0,0,,,0,0,0,0,0,0,0,0,0,0.0,1.0,False
ARG_20210608_Colombia,Emiliano Martínez,2021-06-08,World Cup Qualifying 2022 - CONMEBOL,Colombia,True,G,40,0,0,0,0,,,8,11,0,0,0,0,0,0,0,1.0,2.0,False
ARG_20210608_Colombia,Gonzalo Montiel,2021-06-08,World Cup Qualifying 2022 - CONMEBOL,Colombia,True,D,90,0,0,0,0,,,16,20,0,0,2,2,0,0,0,,,
ARG_20210608_Colombia,Cristian Romero,2021-06-08,World Cup Qualifying 2022 - CONMEBOL,Colombia,True,D,64,1,0,1,1,,,25,26,0,0,0,0,1,0,0,,,
ARG_20210608_Colombia,Nicolás Otamendi,2021-06-08,World Cup Qualifying 2022 - CONMEBOL,Colombia,True,D,90,0,0,0,0,,,39,43,0,0,1,0,1,0,0,,,
ARG_20210608_Colombia,Rodrigo De Paul,2021-06-08,World Cup Qualifying 2022 - CONMEBOL,Colombia,True,M,90,0,1,0,0,,,40,43,4,0,2,0,1,0,0,,,
ARG_20210608_Colombia,Leandro Paredes,2021-06-08,World Cup Qualifying 2022 - CONMEBOL,Colombia,True,M,90,1,0,1,1,,,50,56,0,0,2,1,0,0,0,,,
ARG_20210608_Colombia,Giovani Lo Celso,2021-06-08,World Cup Qualifying 2022 - CONMEBOL,Colombia,True,M,54,0,0,0,0,,,19,24,1,0,1,0,1,0,0,,,
ARG_20210608_Colombia,Lionel Messi,2021-06-08,World Cup Qualifying 2022 - CONMEBOL,Colombia,True,F,90,0,0,3,3,,,36,37,3,0,2,0,0,0,0,,,
ARG_20210608_Colombia,Lautaro Martínez,2021-06-08,World Cup Qualifying 2022 - CONMEBOL,Colombia,True,F,90,0,0,4,3,,,11,15,0,0,0,1,0,0,0,,,
ARG_20210608_Colombia,Nicolás González,2021-06-08,World Cup Qualifying 2022 - CONMEBOL,Colombia,True,F,65,0,1,2,0,,,7,7,1,0,0,0,0,0,0,,,
ARG_20210608_Colombia,Exequiel Palacios,2021-06-08,World Cup Qualifying 2022 - CONMEBOL,Colombia,False,M,36,0,0,0,0,,,19,20,0,0,0,1,0,0,0,,,
ARG_20210608_Colombia,Juan Musso,2021-06-08,World Cup Qualifying 2022 - CONMEBOL,Colombia,False,G,45,0,0,0,0,,,0,0,0,0,0,0,0,0,0,0.0,2.0,False
ARG_20210608_Colombia,Nicolás Tagliafico,2021-06-08,World Cup Qualifying 2022 - CONMEBOL,Colombia,False,D,45,0,0,0,0,,,0,0,0,0,0,0,0,0,0,,,
ARG_20210608_Colombia,Lisandro Martínez,2021-06-08,World Cup Qualifying 2022 - CONMEBOL,Colombia,False,D,45,0,0,0,0,,,0,0,0,0,0,0,0,0,0,,,
ARG_20210903_Venezuela,Emiliano Martínez,2021-09-03,World Cup Qualifying 2022 - CONMEBOL,Venezuela,True,G,90,0,0,0,0,,,12,13,0,0,0,0,0,0,0,2.0,1.0,False
ARG_20210903_Venezuela,Nahuel Molina,2021-09-03,World Cup Qualifying 2022 - CONMEBOL,Venezuela,True,D,90,0,0,0,0,,,36,37,1,0,1,0,0,0,0,,,
ARG_20210903_Venezuela,Nicolás Otamendi,2021-09-03,World Cup Qualifying 2022 - CONMEBOL,Venezuela,True,D,90,0,0,0,0,,,65,67,0,0,2,2,0,0,0,,,
ARG_20210903_Venezuela,Rodrigo De Paul,2021-09-03,World Cup Qualifying 2022 - CONMEBOL,Venezuela,True,M,76,0,0,2,0,,,63,68,2,0,1,1,0,0,0,,,
ARG_20210903_Venezuela,Giovani Lo Celso,2021-09-03,World Cup Qualifying 2022 - CONMEBOL,Venezuela,True,M,62,0,1,1,1,,,39,45,1,0,0,1,0,0,0,,,
ARG_20210903_Venezuela,Lionel Messi,2021-09-03,World Cup Qualifying 2022 - CONMEBOL,Venezuela,True,F,90,0,0,3,2,,,68,75,2,0,0,0,0,0,0,,,
ARG_20210903_Venezuela,Lautaro Martínez,2021-09-03,World Cup Qualifying 2022 - CONMEBOL,Venezuela,True,F,75,1,1,5,2,,,6,8,1,0,2,0,0,0,0,,,
ARG_20210903_Venezuela,Exequiel Palacios,2021-09-03,World Cup Qualifying 2022 - CONMEBOL,Venezuela,False,M,14,0,0,0,0,,,18,20,0,0,1,0,0,0,0,,,
ARG_20210903_Venezuela,Gerónimo Rulli,2021-09-03,World Cup Qualifying 2022 - CONMEBOL,Venezuela,False,G,45,0,0,0,0,,,0,0,0,0,0,0,0,0,0,0.0,1.0,False
ARG_20210903_Venezuela,Juan Musso,2021-09-03,World Cup Qualifying 2022 - CONMEBOL,Venezuela,False,G,45,0,0,0,0,,,0,0,0,0,0,0,0,0,0,0.0,1.0,False
ARG_20210903_Venezuela,Nicolás Tagliafico,2021-09-03,World Cup Qualifying 2022 - CONMEBOL,Venezuela,False,D,45,0,0,0,0,,,0,0,0,0,0,0,0,0,0,,,
ARG_20210903_Venezuela,Gonzalo Montiel,2021-09-03,World Cup Qualifying 2022 - CONMEBOL,Venezuela,False,D,45,0,0,0,0,,,0,0,0,0,0,0,0,0,0,,,
ARG_20210903_Venezuela,Nicolás González,2021-09-03,World Cup Qualifying 2022 - CONMEBOL,Venezuela,False,F,45,0,0,0,0,,,0,0,0,0,0,0,0,0,0,,,
ARG_20210909_Bolivia,Juan Musso,2021-09-09,World Cup Qualifying 2022 - CONMEBOL,Bolivia,True,G,90,0,0,0,0,,,20,22,0,0,0,0,0,0,0,3.0,0.0,True
ARG_20210909_Bolivia,Nahuel Molina,2021-09-09,World Cup Qualifying 2022 - CONMEBOL,Bolivia,True,D,90,0,0,0,0,,,52,61,1,0,2,0,0,0,0,,,
ARG_20210909_Bolivia,Nicolás Otamendi,2021-09-09,World Cup Qualifying 2022 - CONMEBOL,Bolivia,True,D,82,0,0,0,0,,,62,67,0,0,5,0,0,0,0,,,
ARG_20210909_Bolivia,Rodrigo De Paul,2021-09-09,World Cup Qualifying 2022 - CONMEBOL,Bolivia,True,M,82,0,0,1,0,,,68,72,1,0,0,1,1,0,0,,,
ARG_20210909_Bolivia,Leandro Paredes,2021-09-09,World Cup Qualifying 2022 - CONMEBOL,Bolivia,True,M,90,0,1,3,2,,,90,96,1,0,3,2,0,0,0,,,
ARG_20210909_Bolivia,Lionel Messi,2021-09-09,World Cup Qualifying 2022 - CONMEBOL,Bolivia,True,F,90,3,0,8,3,,,54,62,3,0,1,0,0,0,0,,,
ARG_20210909_Bolivia,Lautaro Martínez,2021-09-09,World Cup Qualifying 2022 - CONMEBOL,Bolivia,True,F,71,0,0,5,0,,,11,15,2,0,1,1,0,0,0,,,
ARG_20210909_Bolivia,Nicolás González,2021-09-09,World Cup Qualifying 2022 - CONMEBOL,Bolivia,False,F,19,0,0,0,0,,,8,11,0,0,0,0,0,0,0,,,
ARG_20210909_Bolivia,Exequiel Palacios,2021-09-09,World Cup Qualifying 2022 - CONMEBOL,Bolivia,False,M,8,0,0,0,0,,,10,12,1,0,0,0,0,0,0,,,
ARG_20210909_Bolivia,Gerónimo Rulli,2021-09-09,World Cup Qualifying 2022 - CONMEBOL,Bolivia,False,G,45,0,0,0,0,,,0,0,0,0,0,0,0,0,0,0.0,0.0,True
ARG_20210909_Bolivia,Gonzalo Montiel,2021-09-09,World Cup Qualifying 2022 - CONMEBOL,Bolivia,False,D,45,0,0,0,0,,,0,0,0,0,0,0,0,0,0,,,
ARG_20210909_Bolivia,Lisandro Martínez,2021-09-09,World Cup Qualifying 2022 - CONMEBOL,Bolivia,False,D,45,0,0,0,0,,,0,0,0,0,0,0,0,0,0,,,
ARG_20210909_Bolivia,Julián Álvarez,2021-09-09,World Cup Qualifying 2022 - CONMEBOL,Bolivia,False,F,45,0,0,0,0,,,0,0,0,0,0,0,0,0,0,,,
ARG_20211007_Paraguay,Emiliano Martínez,2021-10-07,World Cup Qualifying 2022 - CONMEBOL,Paraguay,True,G,90,0,0,0,0,,,24,24,0,0,0,0,0,0,0,3.0,0.0,True
ARG_20211007_Paraguay,Nahuel Molina,2021-10-07,World Cup Qualifying 2022 - CONMEBOL,Paraguay,True,D,90,0,0,0,0,,,32,37,0,0,1,3,0,0,0,,,
ARG_20211007_Paraguay,Cristian Romero,2021-10-07,World Cup Qualifying 2022 - CONMEBOL,Paraguay,True,D,90,0,0,0,0,,,51,58,0,0,1,1,0,0,0,,,
ARG_20211007_Paraguay,Nicolás Otamendi,2021-10-07,World Cup Qualifying 2022 - CONMEBOL,Paraguay,True,D,90,0,0,0,0,,,54,60,0,0,0,3,1,0,0,,,
ARG_20211007_Paraguay,Leandro Paredes,2021-10-07,World Cup Qualifying 2022 - CONMEBOL,Paraguay,True,M,90,0,0,1,0,,,61,66,0,0,3,0,0,0,0,,,
ARG_20211007_Paraguay,Rodrigo De Paul,2021-10-07,World Cup Qualifying 2022 - CONMEBOL,Paraguay,True,M,67,0,0,1,1,,,55,59,0,0,0,0,0,0,0,,,
ARG_20211007_Paraguay,Lionel Messi,2021-10-07,World Cup Qualifying 2022 - CONMEBOL,Paraguay,True,M,90,0,0,3,0,,,60,69,4,0,0,1,0,0,0,,,
ARG_20211007_Paraguay,Giovani Lo Celso,2021-10-07,World Cup Qualifying 2022 - CONMEBOL,Paraguay,True,M,76,0,0,1,1,,,44,50,0,0,1,0,0,0,0,,,
ARG_20211007_Paraguay,Nicolás Tagliafico,2021-10-07,World Cup Qualifying 2022 - CONMEBOL,Paraguay,False,D,33,0,0,1,0,,,10,12,0,0,1,0,1,0,0,,,
ARG_20211007_Paraguay,Nicolás González,2021-10-07,World Cup Qualifying 2022 - CONMEBOL,Paraguay,False,F,14,0,0,0,0,,,4,5,0,0,1,0,0,0,0,,,
ARG_20211007_Paraguay,Julián Álvarez,2021-10-07,World Cup Qualifying 2022 - CONMEBOL,Paraguay,False,F,14,0,0,0,0,,,3,4,0,0,0,0,0,0,0,,,
ARG_20211007_Paraguay,Juan Musso,2021-10-07,World Cup Qualifying 2022 - CONMEBOL,Paraguay,False,G,45,0,0,0,0,,,0,0,0,0,0,0,0,0,0,0.0,0.0,True
ARG_20211007_Paraguay,Gonzalo Montiel,2021-10-07,World Cup Qualifying 2022 - CONMEBOL,Paraguay,False,D,45,0,0,0,0,,,0,0,0,0,0,0,0,0,0,,,
ARG_20211007_Paraguay,Exequiel Palacios,2021-10-07,World Cup Qualifying 2022 - CONMEBOL,Paraguay,False,M,45,0,0,0,0,,,0,0,0,0,0,0,0,0,0,,,
ARG_20211014_Peru,Emiliano Martínez,2021-10-14,World Cup Qualifying 2022 - CONMEBOL,Peru,True,G,90,0,0,0,0,,,18,20,0,0,0,0,0,0,0,3.0,0.0,True
ARG_20211014_Peru,Nahuel Molina,2021-10-14,World Cup Qualifying 2022 - CONMEBOL,Peru,True,D,90,0,1,0,0,,,43,50,1,0,1,0,0,0,0,,,
ARG_20211014_Peru,Cristian Romero,2021-10-14,World Cup Qualifying 2022 - CONMEBOL,Peru,True,D,90,0,0,0,0,,,72,75,0,0,4,3,0,0,0,,,
ARG_20211014_Peru,Nicolás Otamendi,2021-10-14,World Cup Qualifying 2022 - CONMEBOL,Peru,True,D,90,0,0,0,0,,,80,81,0,0,3,0,0,0,0,,,
ARG_20211014_Peru,Rodrigo De Paul,2021-10-14,World Cup Qualifying 2022 - CONMEBOL,Peru,True,M,90,0,0,0,0,,,70,80,2,0,0,3,0,0,0,,,
ARG_20211014_Peru,Leandro Paredes,2021-10-14,World Cup Qualifying 2022 - CONMEBOL,Peru,True,M,73,0,0,0,0,,,83,91,0,0,4,0,0,0,0,,,
ARG_20211014_Peru,Giovani Lo Celso,2021-10-14,World Cup Qualifying 2022 - CONMEBOL,Peru,True,M,89,0,0,0,0,,,62,72,0,0,4,1,0,0,0,,,
ARG_20211014_Peru,Lionel Messi,2021-10-14,World Cup Qualifying 2022 - CONMEBOL,Peru,True,F,90,0,0,2,1,,,52,62,0,0,1,0,0,0,0,,,
ARG_20211014_Peru,Lautaro Martínez,2021-10-14,World Cup Qualifying 2022 - CONMEBOL,Peru,True,F,85,1,0,2,1,,,7,9,1,0,1,3,0,0,0,,,
ARG_20211014_Peru,Nicolás González,2021-10-14,World Cup Qualifying 2022 - CONMEBOL,Peru,False,F,17,0,0,1,0,,,3,7,0,0,0,1,0,0,0,,,
ARG_20211014_Peru,Exequiel Palacios,2021-10-14,World Cup Qualifying 2022 - CONMEBOL,Peru,False,M,1,0,0,0,0,,,0,0,0,0,0,0,0,0,0,,,
ARG_20211014_Peru,Nicolás Tagliafico,2021-10-14,World Cup Qualifying 2022 - CONMEBOL,Peru,False,D,45,0,0,0,0,,,0,0,0,0,0,0,0,0,0,,,
ARG_20211014_Peru,Gonzalo Montiel,2021-10-14,World Cup Qualifying 2022 - CONMEBOL,Peru,False,D,45,0,0,0,0,,,0,0,0,0,0,0,0,0,0,,,
ARG_20211014_Peru,Lisandro Martínez,2021-10-14,World Cup Qualifying 2022 - CONMEBOL,Peru,False,D,45,0,0,0,0,,,0,0,0,0,0,0,0,0,0,,,
ARG_20211112_Uruguay,Emiliano Martínez,2021-11-12,World Cup Qualifying 2022 - CONMEBOL,Uruguay,True,G,90,0,0,0,0,,,22,35,0,0,0,0,0,0,0,4.0,0.0,True
ARG_20211112_Uruguay,Nahuel Molina,2021-11-12,World Cup Qualifying 2022 - CONMEBOL,Uruguay,True,D,90,0,0,0,0,,,37,46,1,0,4,1,0,0,0,,,
ARG_20211112_Uruguay,Cristian Romero,2021-11-12,World Cup Qualifying 2022 - CONMEBOL,Uruguay,True,D,90,0,0,0,0,,,64,76,0,0,3,1,1,0,0,,,
ARG_20211112_Uruguay,Nicolás Otamendi,2021-11-12,World Cup Qualifying 2022 - CONMEBOL,Uruguay,True,D,90,0,0,0,0,,,67,72,1,0,2,3,1,0,0,,,
ARG_20211112_Uruguay,Rodrigo De Paul,2021-11-12,World Cup Qualifying 2022 - CONMEBOL,Uruguay,True,M,81,0,0,0,0,,,66,79,0,0,0,0,0,0,0,,,
ARG_20211112_Uruguay,Giovani Lo Celso,2021-11-12,World Cup Qualifying 2022 - CONMEBOL,Uruguay,True,M,76,0,0,0,0,,,38,48,1,0,0,1,0,0,0,,,
ARG_20211112_Uruguay,Lautaro Martínez,2021-11-12,World Cup Qualifying 2022 - CONMEBOL,Uruguay,True,F,55,0,0,0,0,,,4,4,0,0,0,0,0,0,0,,,
ARG_20211112_Uruguay,Lionel Messi,2021-11-12,World Cup Qualifying 2022 - CONMEBOL,Uruguay,False,F,14,0,0,1,0,,,13,15,0,0,0,0,0,0,0,,,
ARG_20211112_Uruguay,Exequiel Palacios,2021-11-12,World Cup Qualifying 2022 - CONMEBOL,Uruguay,False,M,9,0,0,0,0,,,6,7,0,0,0,0,1,0,0,,,
ARG_20211112_Uruguay,Juan Musso,2021-11-12,World Cup Qualifying 2022 - CONMEBOL,Uruguay,False,G,45,0,0,0,0,,,0,0,0,0,0,0,0,0,0,0.0,0.0,True
ARG_20211112_Uruguay,Gonzalo Montiel,2021-11-12,World Cup Qualifying 2022 - CONMEBOL,Uruguay,False,D,45,0,0,0,0,,,0,0,0,0,0,0,0,0,0,,,
ARG_20211112_Uruguay,Nicolás Tagliafico,2021-11-12,World Cup Qualifying 2022 - CONMEBOL,Uruguay,False,D,45,0,0,0,0,,,0,0,0,0,0,0,0,0,0,,,
ARG_20211112_Uruguay,Lisandro Martínez,2021-11-12,World Cup Qualifying 2022 - CONMEBOL,Uruguay,False,D,45,0,0,0,0,,,0,0,0,0,0,0,0,0,0,,,
ARG_20211112_Uruguay,Julián Álvarez,2021-11-12,World Cup Qualifying 2022 - CONMEBOL,Uruguay,False,F,45,0,0,0,0,,,0,0,0,0,0,0,0,0,0,,,
ARG_20211116_Brazil,Emiliano Martínez,2021-11-16,World Cup Qualifying 2022 - CONMEBOL,Brazil,True,G,90,0,0,0,0,,,19,22,0,0,0,0,0,0,0,2.0,0.0,True
ARG_20211116_Brazil,Nahuel Molina,2021-11-16,World Cup Qualifying 2022 - CONMEBOL,Brazil,True,D,90,0,0,0,0,,,40,48,0,0,6,4,0,0,0,,,
ARG_20211116_Brazil,Cristian Romero,2021-11-16,World Cup Qualifying 2022 - CONMEBOL,Brazil,True,D,53,0,0,0,0,,,34,36,0,0,4,1,0,0,0,,,
ARG_20211116_Brazil,Nicolás Otamendi,2021-11-16,World Cup Qualifying 2022 - CONMEBOL,Brazil,True,D,90,0,0,1,0,,,62,66,0,0,2,2,0,0,0,,,
ARG_20211116_Brazil,Rodrigo De Paul,2021-11-16,World Cup Qualifying 2022 - CONMEBOL,Brazil,True,M,90,0,0,1,1,,,59,66,3,0,4,0,0,0,0,,,
ARG_20211116_Brazil,Leandro Paredes,2021-11-16,World Cup Qualifying 2022 - CONMEBOL,Brazil,True,M,45,0,0,0,0,,,31,37,0,0,0,1,0,0,0,,,
ARG_20211116_Brazil,Giovani Lo Celso,2021-11-16,World Cup Qualifying 2022 - CONMEBOL,Brazil,True,M,86,0,0,0,0,,,21,30,0,0,3,2,0,0,0,,,
ARG_20211116_Brazil,Lionel Messi,2021-11-16,World Cup Qualifying 2022 - CONMEBOL,Brazil,True,F,90,0,0,4,2,,,33,40,0,0,0,1,0,0,0,,,
ARG_20211116_Brazil,Lautaro Martínez,2021-11-16,World Cup Qualifying 2022 - CONMEBOL,Brazil,True,F,45,0,0,1,0,,,3,6,0,0,0,0,0,0,0,,,
ARG_20211116_Brazil,Lisandro Martínez,2021-11-16,World Cup Qualifying 2022 - CONMEBOL,Brazil,False,D,45,0,0,0,0,,,23,28,0,0,0,0,0,0,0,,,
ARG_20211116_Brazil,Julián Álvarez,2021-11-16,World Cup Qualifying 2022 - CONMEBOL,Brazil,False,F,15,0,0,1,0,,,6,7,0,0,0,0,0,0,0,,,
ARG_20211116_Brazil,Juan Musso,2021-11-16,World Cup Qualifying 2022 - CONMEBOL,Brazil,False,G,45,0,0,0,0,,,0,0,0,0,0,0,0,0,0,0.0,0.0,True
ARG_20211116_Brazil,Gonzalo Montiel,2021-11-16,World Cup Qualifying 2022 - CONMEBOL,Brazil,False,D,45,0,0,0,0,,,0,0,0,0,0,0,0,0,0,,,
ARG_20211116_Brazil,Nicolás Tagliafico,2021-11-16,World Cup Qualifying 2022 - CONMEBOL,Brazil,False,D,45,0,0,0,0,,,0,0,0,0,0,0,0,0,0,,,
ARG_20211116_Brazil,Exequiel Palacios,2021-11-16,World Cup Qualifying 2022 - CONMEBOL,Brazil,False,M,45,0,0,0,0,,,0,0,0,0,0,0,0,0,0,,,
ARG_20220128_Chile,Emiliano Martínez,2022-01-28,World Cup Qualifying 2022 - CONMEBOL,Chile,True,G,90,0,0,0,0,,,18,28,0,0,0,0,0,0,0,3.0,1.0,False
ARG_20220128_Chile,Nahuel Molina,2022-01-28,World Cup Qualifying 2022 - CONMEBOL,Chile,True,D,90,0,0,0,0,,,24,29,1,0,1,3,0,0,0,,,
ARG_20220128_Chile,Nicolás Otamendi,2022-01-28,World Cup Qualifying 2022 - CONMEBOL,Chile,True,D,90,0,0,0,0,,,32,41,0,0,1,1,0,0,0,,,
ARG_20220128_Chile,Lisandro Martínez,2022-01-28,World Cup Qualifying 2022 - CONMEBOL,Chile,True,D,90,0,0,0,0,,,36,45,0,0,0,1,0,0,0,,,
ARG_20220128_Chile,Nicolás Tagliafico,2022-01-28,World Cup Qualifying 2022 - CONMEBOL,Chile,True,D,90,0,0,0,0,,,23,34,0,0,4,2,0,0,0,,,
ARG_20220128_Chile,Rodrigo De Paul,2022-01-28,World Cup Qualifying 2022 - CONMEBOL,Chile,True,M,71,0,1,1,1,,,24,27,2,0,1,0,0,0,0,,,
ARG_20220128_Chile,Leandro Paredes,2022-01-28,World Cup Qualifying 2022 - CONMEBOL,Chile,True,M,90,0,0,1,0,,,45,49,0,0,1,2,2,0,0,,,
ARG_20220128_Chile,Lautaro Martínez,2022-01-28,World Cup Qualifying 2022 - CONMEBOL,Chile,True,F,78,1,0,1,1,,,9,12,0,0,1,1,0,0,0,,,
ARG_20220128_Chile,Nicolás González,2022-01-28,World Cup Qualifying 2022 - CONMEBOL,Chile,True,F,70,0,0,0,0,,,11,18,1,0,2,1,1,0,0,,,
ARG_20220128_Chile,Giovani Lo Celso,2022-01-28,World Cup Qualifying 2022 - CONMEBOL,Chile,False,M,19,0,0,1,0,,,10,12,0,0,0,0,0,0,0,,,
ARG_20220128_Chile,Julián Álvarez,2022-01-28,World Cup Qualifying 2022 - CONMEBOL,Chile,False,F,12,0,0,0,0,,,4,6,0,0,1,0,0,0,0,,,
ARG_20220128_Chile,Juan Musso,2022-01-28,World Cup Qualifying 2022 - CONMEBOL,Chile,False,G,45,0,0,0,0,,,0,0,0,0,0,0,0,0,0,0.0,1.0,False
ARG_20220128_Chile,Gonzalo Montiel,2022-01-28,World Cup Qualifying 2022 - CONMEBOL,Chile,False,D,45,0,0,0,0,,,0,0,0,0,0,0,0,0,0,,,
ARG_20220201_Colombia,Emiliano Martínez,2022-02-01,World Cup Qualifying 2022 - CONMEBOL,Colombia,True,G,90,0,0,0,0,,,11,24,0,0,0,0,0,0,0,1.0,0.0,True
ARG_20220201_Colombia,Gonzalo Montiel,2022-02-01,World Cup Qualifying 2022 - CONMEBOL,Colombia,True,D,90,0,0,0,0,,,40,46,0,0,2,2,0,0,0,,,
ARG_20220201_Colombia,Lisandro Martínez,2022-02-01,World Cup Qualifying 2022 - CONMEBOL,Colombia,True,D,90,0,0,0,0,,,79,81,0,0,1,2,1,0,0,,,
ARG_20220201_Colombia,Giovani Lo Celso,2022-02-01,World Cup Qualifying 2022 - CONMEBOL,Colombia,True,M,80,0,0,1,0,,,46,53,1,0,0,0,0,0,0,,,
ARG_20220201_Colombia,Lautaro Martínez,2022-02-01,World Cup Qualifying 2022 - CONMEBOL,Colombia,True,F,69,1,0,2,1,,,6,6,2,0,1,2,0,0,0,,,
ARG_20220201_Colombia,Nicolás González,2022-02-01,World Cup Qualifying 2022 - CONMEBOL,Colombia,False,F,21,0,0,0,0,,,4,8,0,0,0,0,0,0,0,,,
ARG_20220201_Colombia,Nahuel Molina,2022-02-01,World Cup Qualifying 2022 - CONMEBOL,Colombia,False,D,45,0,0,0,0,,,0,0,0,0,0,0,0,0,0,,,
ARG_20220201_Colombia,Julián Álvarez,2022-02-01,World Cup Qualifying 2022 - CONMEBOL,Colombia,False,F,45,0,0,0,0,,,0,0,0,0,0,0,0,0,0,,,
ARG_20220325_Venezuela,Nahuel Molina,2022-03-25,World Cup Qualifying 2022 - CONMEBOL,Venezuela,True,D,90,0,0,0,0,,,45,51,0,0,3,0,0,0,0,,,
ARG_20220325_Venezuela,Nicolás Otamendi,2022-03-25,World Cup Qualifying 2022 - CONMEBOL,Venezuela,True,D,90,0,0,0,0,,,85,91,0,0,0,0,0,0,0,,,
ARG_20220325_Venezuela,Nicolás Tagliafico,2022-03-25,World Cup Qualifying 2022 - CONMEBOL,Venezuela,True,D,90,0,0,1,0,,,69,75,0,0,3,2,0,0,0,,,
ARG_20220325_Venezuela,Rodrigo De Paul,2022-03-25,World Cup Qualifying 2022 - CONMEBOL,Venezuela,True,M,90,0,2,1,0,,,91,104,2,0,3,0,0,0,0,,,
ARG_20220325_Venezuela,Leandro Paredes,2022-03-25,World Cup Qualifying 2022 - CONMEBOL,Venezuela,True,M,88,0,0,1,0,,,105,111,1,0,1,3,0,0,0,,,
ARG_20220325_Venezuela,Nicolás González,2022-03-25,World Cup Qualifying 2022 - CONMEBOL,Venezuela,True,M,87,1,0,2,1,,,26,35,1,0,2,0,0,0,0,,,
ARG_20220325_Venezuela,Alexis Mac Allister,2022-03-25,World Cup Qualifying 2022 - CONMEBOL,Venezuela,True,M,70,0,0,1,0,,,30,33,0,0,0,0,0,0,0,,,
ARG_20220325_Venezuela,Lionel Messi,2022-03-25,World Cup Qualifying 2022 - CONMEBOL,Venezuela,True,F,90,1,0,7,3,,,80,92,3,0,0,0,0,0,0,,,
ARG_20220325_Venezuela,Gerónimo Rulli,2022-03-25,World Cup Qualifying 2022 - CONMEBOL,Venezuela,False,G,45,0,0,0,0,,,0,0,0,0,0,0,0,0,0,0.0,0.0,True
ARG_20220325_Venezuela,Juan Musso,2022-03-25,World Cup Qualifying 2022 - CONMEBOL,Venezuela,False,G,45,0,0,0,0,,,0,0,0,0,0,0,0,0,0,0.0,0.0,True
ARG_20220325_Venezuela,Exequiel Palacios,2022-03-25,World Cup Qualifying 2022 - CONMEBOL,Venezuela,False,M,45,0,0,0,0,,,0,0,0,0,0,0,0,0,0,,,
ARG_20220325_Venezuela,Julián Álvarez,2022-03-25,World Cup Qualifying 2022 - CONMEBOL,Venezuela,False,F,45,0,0,0,0,,,0,0,0,0,0,0,0,0,0,,,
ARG_20220329_Ecuador,Gerónimo Rulli,2022-03-29,World Cup Qualifying 2022 - CONMEBOL,Ecuador,True,G,90,0,0,0,0,,,13,19,0,0,0,0,0,0,0,2.0,1.0,False
ARG_20220329_Ecuador,Gonzalo Montiel,2022-03-29,World Cup Qualifying 2022 - CONMEBOL,Ecuador,True,D,78,0,0,0,0,,,17,21,0,0,4,4,1,0,0,,,
ARG_20220329_Ecuador,Nicolás Otamendi,2022-03-29,World Cup Qualifying 2022 - CONMEBOL,Ecuador,True,D,90,0,0,1,1,,,44,53,0,0,4,0,0,0,0,,,
ARG_20220329_Ecuador,Nicolás Tagliafico,2022-03-29,World Cup Qualifying 2022 - CONMEBOL,Ecuador,True,D,90,0,0,0,0,,,37,42,1,0,0,3,0,0,0,,,
ARG_20220329_Ecuador,Rodrigo De Paul,2022-03-29,World Cup Qualifying 2022 - CONMEBOL,Ecuador,True,M,90,0,0,0,0,,,56,58,1,0,1,0,0,0,0,,,
ARG_20220329_Ecuador,Leandro Paredes,2022-03-29,World Cup Qualifying 2022 - CONMEBOL,Ecuador,True,M,78,0,0,0,0,,,69,73,0,0,1,0,2,0,0,,,
ARG_20220329_Ecuador,Alexis Mac Allister,2022-03-29,World Cup Qualifying 2022 - CONMEBOL,Ecuador,True,M,59,0,0,1,0,,,22,28,1,0,3,1,0,0,0,,,
ARG_20220329_Ecuador,Julián Álvarez,2022-03-29,World Cup Qualifying 2022 - CONMEBOL,Ecuador,True,F,72,1,0,2,1,,,8,11,0,0,0,0,0,0,0,,,
ARG_20220329_Ecuador,Lionel Messi,2022-03-29,World Cup Qualifying 2022 - CONMEBOL,Ecuador,True,F,90,0,0,2,0,,,44,53,1,0,0,0,0,0,0,,,
ARG_20220329_Ecuador,Nicolás González,2022-03-29,World Cup Qualifying 2022 - CONMEBOL,Ecuador,True,F,78,0,0,0,0,,,27,34,0,0,4,0,0,0,0,,,
ARG_20220329_Ecuador,Exequiel Palacios,2022-03-29,World Cup Qualifying 2022 - CONMEBOL,Ecuador,False,M,31,0,0,0,0,,,4,7,0,0,0,1,0,0,0,,,
ARG_20220329_Ecuador,Juan Musso,2022-03-29,World Cup Qualifying 2022 - CONMEBOL,Ecuador,False,G,45,0,0,0,0,,,0,0,0,0,0,0,0,0,0,0.0,1.0,False
ARG_20220329_Ecuador,Nahuel Molina,2022-03-29,World Cup Qualifying 2022 - CONMEBOL,Ecuador,False,D,45,0,0,0,0,,,0,0,0,0,0,0,0,0,0,,,
ARG_20230908_Ecuador,Emiliano Martínez,2023-09-08,World Cup Qualifying - CONMEBOL,Ecuador,True,G,90,0,0,0,0,,,13,15,0,0,0,0,0,0,0,3.0,0.0,True
ARG_20230908_Ecuador,Nahuel Molina,2023-09-08,World Cup Qualifying - CONMEBOL,Ecuador,True,D,90,0,0,0,0,,,43,57,0,0,6,0,0,0,0,,,
ARG_20230908_Ecuador,Cristian Romero,2023-09-08,World Cup Qualifying - CONMEBOL,Ecuador,True,D,90,0,0,1,0,,,67,68,0,0,7,0,0,0,0,,,
ARG_20230908_Ecuador,Nicolás Otamendi,2023-09-08,World Cup Qualifying - CONMEBOL,Ecuador,True,D,90,0,0,0,0,,,86,96,0,0,1,2,0,0,0,,,
ARG_20230908_Ecuador,Nicolás Tagliafico,2023-09-08,World Cup Qualifying - CONMEBOL,Ecuador,True,D,90,0,0,1,0,,,68,74,1,0,2,2,0,0,0,,,
ARG_20230908_Ecuador,Rodrigo De Paul,2023-09-08,World Cup Qualifying - CONMEBOL,Ecuador,True,M,90,0,0,1,1,,,87,105,3,0,4,2,0,0,0,,,
ARG_20230908_Ecuador,Enzo Fernández,2023-09-08,World Cup Qualifying - CONMEBOL,Ecuador,True,M,90,0,0,2,0,,,78,88,1,0,4,1,0,0,0,,,
ARG_20230908_Ecuador,Alexis Mac Allister,2023-09-08,World Cup Qualifying - CONMEBOL,Ecuador,True,M,77,0,0,1,1,,,65,70,1,0,3,2,0,0,0,,,
ARG_20230908_Ecuador,Lionel Messi,2023-09-08,World Cup Qualifying - CONMEBOL,Ecuador,True,F,89,1,0,3,2,,,38,50,2,0,0,0,0,0,0,,,
ARG_20230908_Ecuador,Lautaro Martínez,2023-09-08,World Cup Qualifying - CONMEBOL,Ecuador,True,F,77,0,0,2,0,,,17,24,0,0,0,1,0,0,0,,,
ARG_20230908_Ecuador,Nicolás González,2023-09-08,World Cup Qualifying - CONMEBOL,Ecuador,True,F,62,0,0,1,0,,,24,28,2,0,0,0,0,0,0,,,
ARG_20230908_Ecuador,Leandro Paredes,2023-09-08,World Cup Qualifying - CONMEBOL,Ecuador,False,M,13,0,0,0,0,,,12,12,0,0,0,0,0,0,0,,,
ARG_20230908_Ecuador,Julián Álvarez,2023-09-08,World Cup Qualifying - CONMEBOL,Ecuador,False,F,13,0,0,0,0,,,8,9,0,0,0,0,0,0,0,,,
ARG_20230908_Ecuador,Exequiel Palacios,2023-09-08,World Cup Qualifying - CONMEBOL,Ecuador,False,M,1,0,0,0,0,,,2,2,0,0,1,0,0,0,0,,,
ARG_20230908_Ecuador,Gonzalo Montiel,2023-09-08,World Cup Qualifying - CONMEBOL,Ecuador,False,D,45,0,0,0,0,,,0,0,0,0,0,0,0,0,0,,,
ARG_20230908_Ecuador,Facundo Medina,2023-09-08,World Cup Qualifying - CONMEBOL,Ecuador,False,D,45,0,0,0,0,,,0,0,0,0,0,0,0,0,0,,,
ARG_20230912_Bolivia,Emiliano Martínez,2023-09-12,World Cup Qualifying - CONMEBOL,Bolivia,True,G,90,0,0,0,0,,,5,20,0,0,0,0,0,0,0,2.0,0.0,True
ARG_20230912_Bolivia,Nahuel Molina,2023-09-12,World Cup Qualifying - CONMEBOL,Bolivia,True,D,90,0,0,0,0,,,41,44,0,0,0,1,0,0,0,,,
ARG_20230912_Bolivia,Cristian Romero,2023-09-12,World Cup Qualifying - CONMEBOL,Bolivia,True,D,90,0,0,0,0,,,36,44,0,0,1,3,0,0,0,,,
ARG_20230912_Bolivia,Nicolás Otamendi,2023-09-12,World Cup Qualifying - CONMEBOL,Bolivia,True,D,90,0,0,1,0,,,40,50,0,0,1,0,0,0,0,,,
ARG_20230912_Bolivia,Nicolás Tagliafico,2023-09-12,World Cup Qualifying - CONMEBOL,Bolivia,True,D,90,1,0,2,1,,,31,42,1,0,0,0,0,0,0,,,
ARG_20230912_Bolivia,Rodrigo De Paul,2023-09-12,World Cup Qualifying - CONMEBOL,Bolivia,True,M,76,0,0,3,1,,,54,62,1,0,0,1,0,0,0,,,
ARG_20230912_Bolivia,Alexis Mac Allister,2023-09-12,World Cup Qualifying - CONMEBOL,Bolivia,True,M,85,0,0,0,0,,,59,63,1,0,2,1,0,0,0,,,
ARG_20230912_Bolivia,Enzo Fernández,2023-09-12,World Cup Qualifying - CONMEBOL,Bolivia,True,M,87,1,0,3,3,,,33,39,0,0,0,0,0,0,0,,,
ARG_20230912_Bolivia,Julián Álvarez,2023-09-12,World Cup Qualifying - CONMEBOL,Bolivia,True,F,85,0,0,2,1,,,23,29,2,0,2,0,0,0,0,,,
ARG_20230912_Bolivia,Nicolás González,2023-09-12,World Cup Qualifying - CONMEBOL,Bolivia,True,F,85,1,0,1,1,,,22,29,2,0,1,1,1,0,0,,,
ARG_20230912_Bolivia,Exequiel Palacios,2023-09-12,World Cup Qualifying - CONMEBOL,Bolivia,False,M,14,0,1,0,0,,,9,11,1,0,1,0,0,0,0,,,
ARG_20230912_Bolivia,Leandro Paredes,2023-09-12,World Cup Qualifying - CONMEBOL,Bolivia,False,M,5,0,0,1,0,,,9,10,0,0,1,0,0,0,0,,,
ARG_20230912_Bolivia,Lautaro Martínez,2023-09-12,World Cup Qualifying - CONMEBOL,Bolivia,False,F,5,0,0,0,0,,,0,0,0,0,1,0,0,0,0,,,
ARG_20230912_Bolivia,Juan Musso,2023-09-12,World Cup Qualifying - CONMEBOL,Bolivia,False,G,45,0,0,0,0,,,0,0,0,0,0,0,0,0,0,0.0,0.0,True
ARG_20230912_Bolivia,Facundo Medina,2023-09-12,World Cup Qualifying - CONMEBOL,Bolivia,False,D,45,0,0,0,0,,,0,0,0,0,0,0,0,0,0,,,
ARG_20230912_Bolivia,Gonzalo Montiel,2023-09-12,World Cup Qualifying - CONMEBOL,Bolivia,False,D,45,0,0,0,0,,,0,0,0,0,0,0,0,0,0,,,
ARG_20231012_Paraguay,Emiliano Martínez,2023-10-12,World Cup Qualifying - CONMEBOL,Paraguay,True,G,90,0,0,0,0,,,26,30,0,0,0,0,0,0,0,1.0,0.0,True
ARG_20231012_Paraguay,Nahuel Molina,2023-10-12,World Cup Qualifying - CONMEBOL,Paraguay,True,D,90,0,0,0,0,,,47,54,3,0,3,0,0,0,0,,,
ARG_20231012_Paraguay,Cristian Romero,2023-10-12,World Cup Qualifying - CONMEBOL,Paraguay,True,D,90,0,0,1,0,,,95,102,0,0,0,1,0,0,0,,,
ARG_20231012_Paraguay,Nicolás Otamendi,2023-10-12,World Cup Qualifying - CONMEBOL,Paraguay,True,D,90,1,0,1,1,,,106,112,0,0,1,1,2,0,0,,,
ARG_20231012_Paraguay,Nicolás Tagliafico,2023-10-12,World Cup Qualifying - CONMEBOL,Paraguay,True,D,90,0,0,0,0,,,85,92,0,0,0,4,0,0,0,,,
ARG_20231012_Paraguay,Rodrigo De Paul,2023-10-12,World Cup Qualifying - CONMEBOL,Paraguay,True,M,89,0,1,3,1,,,68,76,5,0,2,0,0,0,0,,,
ARG_20231012_Paraguay,Enzo Fernández,2023-10-12,World Cup Qualifying - CONMEBOL,Paraguay,True,M,80,0,0,0,0,,,56,68,1,0,1,0,0,0,0,,,
ARG_20231012_Paraguay,Alexis Mac Allister,2023-10-12,World Cup Qualifying - CONMEBOL,Paraguay,True,M,90,0,0,1,0,,,78,82,1,0,3,0,0,0,0,,,
ARG_20231012_Paraguay,Nicolás González,2023-10-12,World Cup Qualifying - CONMEBOL,Paraguay,True,F,89,0,0,3,1,,,26,31,0,0,0,1,0,0,0,,,
ARG_20231012_Paraguay,Lautaro Martínez,2023-10-12,World Cup Qualifying - CONMEBOL,Paraguay,True,F,90,0,0,2,0,,,20,21,1,0,0,0,0,0,0,,,
ARG_20231012_Paraguay,Julián Álvarez,2023-10-12,World Cup Qualifying - CONMEBOL,Paraguay,True,F,53,0,0,1,1,,,31,32,2,0,0,0,0,0,0,,,
ARG_20231012_Paraguay,Lionel Messi,2023-10-12,World Cup Qualifying - CONMEBOL,Paraguay,False,F,37,0,0,3,0,,,17,23,0,0,0,0,0,0,0,,,
ARG_20231012_Paraguay,Leandro Paredes,2023-10-12,World Cup Qualifying - CONMEBOL,Paraguay,False,M,10,0,0,0,0,,,16,18,0,0,0,0,0,0,0,,,
ARG_20231012_Paraguay,Giovani Lo Celso,2023-10-12,World Cup Qualifying - CONMEBOL,Paraguay,False,M,1,0,0,0,0,,,0,0,0,0,0,0,0,0,0,,,
ARG_20231012_Paraguay,Juan Musso,2023-10-12,World Cup Qualifying - CONMEBOL,Paraguay,False,G,45,0,0,0,0,,,0,0,0,0,0,0,0,0,0,0.0,0.0,True
ARG_20231012_Paraguay,Gonzalo Montiel,2023-10-12,World Cup Qualifying - CONMEBOL,Paraguay,False,D,45,0,0,0,0,,,0,0,0,0,0,0,0,0,0,,,
ARG_20231018_Peru,Emiliano Martínez,2023-10-18,World Cup Qualifying - CONMEBOL,Peru,True,G,90,0,0,0,0,,,20,24,0,0,0,0,0,0,0,0.0,0.0,True
ARG_20231018_Peru,Gonzalo Montiel,2023-10-18,World Cup Qualifying - CONMEBOL,Peru,True,D,34,0,0,0,0,,,11,12,1,0,0,0,0,0,0,,,
ARG_20231018_Peru,Cristian Romero,2023-10-18,World Cup Qualifying - CONMEBOL,Peru,True,D,45,0,0,0,0,,,46,52,0,0,1,0,0,0,0,,,
ARG_20231018_Peru,Nicolás Otamendi,2023-10-18,World Cup Qualifying - CONMEBOL,Peru,True,D,90,0,0,0,0,,,86,92,0,0,2,2,0,0,0,,,
ARG_20231018_Peru,Nicolás Tagliafico,2023-10-18,World Cup Qualifying - CONMEBOL,Peru,True,D,78,0,0,0,0,,,50,56,0,0,1,6,1,0,0,,,
ARG_20231018_Peru,Rodrigo De Paul,2023-10-18,World Cup Qualifying - CONMEBOL,Peru,True,M,78,0,0,0,0,,,63,67,0,0,0,0,0,0,0,,,
ARG_20231018_Peru,Alexis Mac Allister,2023-10-18,World Cup Qualifying - CONMEBOL,Peru,True,M,90,0,0,0,0,,,72,80,1,0,0,0,0,0,0,,,
ARG_20231018_Peru,Enzo Fernández,2023-10-18,World Cup Qualifying - CONMEBOL,Peru,True,M,90,0,1,0,0,,,66,73,2,0,2,0,0,0,0,,,
ARG_20231018_Peru,Lionel Messi,2023-10-18,World Cup Qualifying - CONMEBOL,Peru,True,F,90,2,0,7,5,,,48,59,1,0,0,0,0,0,0,,,
ARG_20231018_Peru,Julián Álvarez,2023-10-18,World Cup Qualifying - CONMEBOL,Peru,True,F,78,0,0,2,1,,,26,32,1,0,1,0,0,0,0,,,
ARG_20231018_Peru,Nicolás González,2023-10-18,World Cup Qualifying - CONMEBOL,Peru,True,F,90,0,1,1,0,,,39,47,2,0,0,0,0,0,0,,,
ARG_20231018_Peru,Giovani Lo Celso,2023-10-18,World Cup Qualifying - CONMEBOL,Peru,False,M,12,0,0,0,0,,,14,14,0,0,1,0,0,0,0,,,
ARG_20231018_Peru,Lautaro Martínez,2023-10-18,World Cup Qualifying - CONMEBOL,Peru,False,F,12,0,0,0,0,,,5,6,1,0,0,0,0,0,0,,,
ARG_20231018_Peru,Exequiel Palacios,2023-10-18,World Cup Qualifying - CONMEBOL,Peru,False,M,45,0,0,0,0,,,0,0,0,0,0,0,0,0,0,,,
ARG_20231018_Peru,Leandro Paredes,2023-10-18,World Cup Qualifying - CONMEBOL,Peru,False,M,45,0,0,0,0,,,0,0,0,0,0,0,0,0,0,,,
ARG_20231117_Uruguay,Emiliano Martínez,2023-11-17,World Cup Qualifying - CONMEBOL,Uruguay,True,G,90,0,0,0,0,,,28,30,0,0,0,0,0,0,0,0.0,2.0,False
ARG_20231117_Uruguay,Nahuel Molina,2023-11-17,World Cup Qualifying - CONMEBOL,Uruguay,True,D,90,0,0,0,0,,,33,40,0,0,1,0,0,0,0,,,
ARG_20231117_Uruguay,Cristian Romero,2023-11-17,World Cup Qualifying - CONMEBOL,Uruguay,True,D,90,0,0,1,1,,,68,76,1,0,4,2,0,0,0,,,
ARG_20231117_Uruguay,Nicolás Otamendi,2023-11-17,World Cup Qualifying - CONMEBOL,Uruguay,True,D,90,0,0,1,0,,,72,81,0,0,2,1,1,0,0,,,
ARG_20231117_Uruguay,Nicolás Tagliafico,2023-11-17,World Cup Qualifying - CONMEBOL,Uruguay,True,D,80,0,0,0,0,,,20,25,0,0,2,1,0,0,0,,,
ARG_20231117_Uruguay,Rodrigo De Paul,2023-11-17,World Cup Qualifying - CONMEBOL,Uruguay,True,M,64,0,0,1,0,,,36,43,0,0,1,0,0,0,0,,,
ARG_20231117_Uruguay,Alexis Mac Allister,2023-11-17,World Cup Qualifying - CONMEBOL,Uruguay,True,M,45,0,0,0,0,,,13,16,0,0,2,0,0,0,0,,,
ARG_20231117_Uruguay,Enzo Fernández,2023-11-17,World Cup Qualifying - CONMEBOL,Uruguay,True,M,90,0,0,1,0,,,73,83,1,0,1,1,1,0,0,,,
ARG_20231117_Uruguay,Lionel Messi,2023-11-17,World Cup Qualifying - CONMEBOL,Uruguay,True,F,90,0,0,3,1,,,33,38,4,0,0,0,0,0,0,,,
ARG_20231117_Uruguay,Julián Álvarez,2023-11-17,World Cup Qualifying - CONMEBOL,Uruguay,True,F,80,0,0,2,0,,,30,37,1,0,1,0,0,0,0,,,
ARG_20231117_Uruguay,Nicolás González,2023-11-17,World Cup Qualifying - CONMEBOL,Uruguay,True,F,53,0,0,1,0,,,13,18,0,0,3,0,0,0,0,,,
ARG_20231117_Uruguay,Lautaro Martínez,2023-11-17,World Cup Qualifying - CONMEBOL,Uruguay,False,F,45,0,0,1,1,,,10,13,0,0,3,0,0,0,0,,,
ARG_20231117_Uruguay,Exequiel Palacios,2023-11-17,World Cup Qualifying - CONMEBOL,Uruguay,False,M,26,0,0,0,0,,,30,31,0,0,3,0,0,0,0,,,
ARG_20231117_Uruguay,Giovani Lo Celso,2023-11-17,World Cup Qualifying - CONMEBOL,Uruguay,False,M,10,0,0,1,0,,,14,16,0,0,0,0,0,0,0,,,
ARG_20231117_Uruguay,Gonzalo Montiel,2023-11-17,World Cup Qualifying - CONMEBOL,Uruguay,False,D,45,0,0,0,0,,,0,0,0,0,0,0,0,0,0,,,
ARG_20231117_Uruguay,Leandro Paredes,2023-11-17,World Cup Qualifying - CONMEBOL,Uruguay,False,M,45,0,0,0,0,,,0,0,0,0,0,0,0,0,0,,,
ARG_20231122_Brazil,Emiliano Martínez,2023-11-22,World Cup Qualifying - CONMEBOL,Brazil,True,G,90,0,0,0,0,,,20,30,0,0,0,0,0,0,0,3.0,0.0,True
ARG_20231122_Brazil,Nahuel Molina,2023-11-22,World Cup Qualifying - CONMEBOL,Brazil,True,D,90,0,0,0,0,,,18,21,0,0,3,1,0,0,0,,,
ARG_20231122_Brazil,Cristian Romero,2023-11-22,World Cup Qualifying - CONMEBOL,Brazil,True,D,90,0,0,0,0,,,47,47,0,0,1,0,1,0,0,,,
ARG_20231122_Brazil,Nicolás Otamendi,2023-11-22,World Cup Qualifying - CONMEBOL,Brazil,True,D,90,1,0,2,1,,,45,49,0,0,3,2,1,0,0,,,
ARG_20231122_Brazil,Giovani Lo Celso,2023-11-22,World Cup Qualifying - CONMEBOL,Brazil,True,M,70,0,1,0,0,,,19,29,1,0,1,0,0,0,0,,,
ARG_20231122_Brazil,Enzo Fernández,2023-11-22,World Cup Qualifying - CONMEBOL,Brazil,True,M,70,0,0,0,0,,,49,52,1,0,5,0,1,0,0,,,
ARG_20231122_Brazil,Rodrigo De Paul,2023-11-22,World Cup Qualifying - CONMEBOL,Brazil,True,M,90,0,0,0,0,,,54,64,0,0,3,1,0,0,0,,,
ARG_20231122_Brazil,Alexis Mac Allister,2023-11-22,World Cup Qualifying - CONMEBOL,Brazil,True,M,90,0,0,3,0,,,29,36,0,0,0,0,0,0,0,,,
ARG_20231122_Brazil,Lionel Messi,2023-11-22,World Cup Qualifying - CONMEBOL,Brazil,True,F,78,0,0,1,0,,,26,27,1,0,0,0,0,0,0,,,
ARG_20231122_Brazil,Julián Álvarez,2023-11-22,World Cup Qualifying - CONMEBOL,Brazil,True,F,78,0,0,0,0,,,12,15,1,0,0,0,0,0,0,,,
ARG_20231122_Brazil,Nicolás Tagliafico,2023-11-22,World Cup Qualifying - CONMEBOL,Brazil,False,D,24,0,0,0,0,,,9,9,0,0,0,1,0,0,0,,,
ARG_20231122_Brazil,Leandro Paredes,2023-11-22,World Cup Qualifying - CONMEBOL,Brazil,False,M,20,0,0,0,0,,,7,8,0,0,0,0,1,0,0,,,
ARG_20231122_Brazil,Nicolás González,2023-11-22,World Cup Qualifying - CONMEBOL,Brazil,False,F,20,0,0,0,0,,,4,6,1,0,1,0,0,0,0,,,
ARG_20231122_Brazil,Lautaro Martínez,2023-11-22,World Cup Qualifying - CONMEBOL,Brazil,False,F,12,0,0,1,1,,,3,3,0,0,1,0,0,0,0,,,
ARG_20231122_Brazil,Juan Musso,2023-11-22,World Cup Qualifying - CONMEBOL,Brazil,False,G,45,0,0,0,0,,,0,0,0,0,0,0,0,0,0,0.0,0.0,True
ARG_20231122_Brazil,Gonzalo Montiel,2023-11-22,World Cup Qualifying - CONMEBOL,Brazil,False,D,45,0,0,0,0,,,0,0,0,0,0,0,0,0,0,,,
ARG_20231122_Brazil,Exequiel Palacios,2023-11-22,World Cup Qualifying - CONMEBOL,Brazil,False,M,45,0,0,0,0,,,0,0,0,0,0,0,0,0,0,,,
ARG_20240906_Chile,Emiliano Martínez,2024-09-06,World Cup Qualifying - CONMEBOL,Chile,True,G,90,0,0,0,0,,,21,25,0,0,0,0,0,0,0,1.0,0.0,True
ARG_20240906_Chile,Nicolás Otamendi,2024-09-06,World Cup Qualifying - CONMEBOL,Chile,True,D,90,0,0,0,0,,,81,85,0,0,1,1,2,0,0,,,
ARG_20240906_Chile,Cristian Romero,2024-09-06,World Cup Qualifying - CONMEBOL,Chile,True,D,90,0,0,0,0,,,59,66,0,0,2,2,0,0,0,,,
ARG_20240906_Chile,Lisandro Martínez,2024-09-06,World Cup Qualifying - CONMEBOL,Chile,True,D,79,0,0,3,1,,,52,54,0,0,0,1,0,0,0,,,
ARG_20240906_Chile,Nahuel Molina,2024-09-06,World Cup Qualifying - CONMEBOL,Chile,True,M,90,0,0,0,0,,,53,57,1,0,2,0,0,0,0,,,
ARG_20240906_Chile,Rodrigo De Paul,2024-09-06,World Cup Qualifying - CONMEBOL,Chile,True,M,90,0,0,3,1,,,67,74,5,0,0,3,0,0,0,,,
ARG_20240906_Chile,Alexis Mac Allister,2024-09-06,World Cup Qualifying - CONMEBOL,Chile,True,M,79,1,0,3,2,,,35,40,0,0,0,2,0,0,0,,,
ARG_20240906_Chile,Enzo Fernández,2024-09-06,World Cup Qualifying - CONMEBOL,Chile,True,M,90,0,0,0,0,,,77,88,1,0,5,4,0,0,0,,,
ARG_20240906_Chile,Nicolás González,2024-09-06,World Cup Qualifying - CONMEBOL,Chile,True,M,51,0,0,2,1,,,17,20,1,0,1,1,0,0,0,,,
ARG_20240906_Chile,Julián Álvarez,2024-09-06,World Cup Qualifying - CONMEBOL,Chile,True,F,89,1,1,3,1,,,33,39,2,0,0,0,0,0,0,,,
ARG_20240906_Chile,Lautaro Martínez,2024-09-06,World Cup Qualifying - CONMEBOL,Chile,True,F,79,0,0,0,0,,,17,21,1,0,1,0,0,0,0,,,
ARG_20240906_Chile,Giovani Lo Celso,2024-09-06,World Cup Qualifying - CONMEBOL,Chile,False,M,39,0,1,0,0,,,34,39,2,0,1,1,0,0,0,,,
ARG_20240906_Chile,Gerónimo Rulli,2024-09-06,World Cup Qualifying - CONMEBOL,Chile,False,G,45,0,0,0,0,,,0,0,0,0,0,0,0,0,0,0.0,0.0,True
ARG_20240906_Chile,Gonzalo Montiel,2024-09-06,World Cup Qualifying - CONMEBOL,Chile,False,D,45,0,0,0,0,,,0,0,0,0,0,0,0,0,0,,,
ARG_20240906_Chile,Leandro Paredes,2024-09-06,World Cup Qualifying - CONMEBOL,Chile,False,M,45,0,0,0,0,,,0,0,0,0,0,0,0,0,0,,,
ARG_20240910_Colombia,Emiliano Martínez,2024-09-10,World Cup Qualifying - CONMEBOL,Colombia,True,G,90,0,0,0,0,,,19,22,0,0,0,0,0,0,0,2.0,2.0,False
ARG_20240910_Colombia,Gonzalo Montiel,2024-09-10,World Cup Qualifying - CONMEBOL,Colombia,True,D,45,0,0,0,0,,,5,7,1,0,1,1,0,0,0,,,
ARG_20240910_Colombia,Nicolás Otamendi,2024-09-10,World Cup Qualifying - CONMEBOL,Colombia,True,D,90,0,0,2,0,,,47,56,0,0,0,1,0,0,0,,,
ARG_20240910_Colombia,Cristian Romero,2024-09-10,World Cup Qualifying - CONMEBOL,Colombia,True,D,90,0,0,0,0,,,28,31,0,0,4,4,0,0,0,,,
ARG_20240910_Colombia,Lisandro Martínez,2024-09-10,World Cup Qualifying - CONMEBOL,Colombia,True,D,64,0,0,1,0,,,18,19,0,0,1,0,0,0,0,,,
ARG_20240910_Colombia,Rodrigo De Paul,2024-09-10,World Cup Qualifying - CONMEBOL,Colombia,True,M,74,0,0,1,0,,,25,32,0,0,1,0,0,0,0,,,
ARG_20240910_Colombia,Leandro Paredes,2024-09-10,World Cup Qualifying - CONMEBOL,Colombia,True,M,64,0,0,0,0,,,24,24,1,0,0,0,0,0,0,,,
ARG_20240910_Colombia,Enzo Fernández,2024-09-10,World Cup Qualifying - CONMEBOL,Colombia,True,M,85,0,0,0,0,,,26,32,0,0,2,0,0,0,0,,,
ARG_20240910_Colombia,Nicolás González,2024-09-10,World Cup Qualifying - CONMEBOL,Colombia,True,M,90,1,0,3,1,,,12,14,1,0,0,0,0,0,0,,,
ARG_20240910_Colombia,Julián Álvarez,2024-09-10,World Cup Qualifying - CONMEBOL,Colombia,True,F,90,0,0,1,0,,,15,17,1,0,1,0,0,0,0,,,
ARG_20240910_Colombia,Lautaro Martínez,2024-09-10,World Cup Qualifying - CONMEBOL,Colombia,True,F,90,0,0,4,0,,,17,18,0,0,1,0,0,0,0,,,
ARG_20240910_Colombia,Nahuel Molina,2024-09-10,World Cup Qualifying - CONMEBOL,Colombia,False,D,45,0,0,0,0,,,10,16,1,0,2,0,0,0,0,,,
ARG_20240910_Colombia,Alexis Mac Allister,2024-09-10,World Cup Qualifying - CONMEBOL,Colombia,False,M,26,0,0,0,0,,,24,27,0,0,1,0,1,0,0,,,
ARG_20240910_Colombia,Giovani Lo Celso,2024-09-10,World Cup Qualifying - CONMEBOL,Colombia,False,M,16,0,0,0,0,,,8,10,1,0,0,0,0,0,0,,,
ARG_20240910_Colombia,Gerónimo Rulli,2024-09-10,World Cup Qualifying - CONMEBOL,Colombia,False,G,45,0,0,0,0,,,0,0,0,0,0,0,0,0,0,0.0,2.0,False
ARG_20240910_Colombia,Giuliano Simeone,2024-09-10,World Cup Qualifying - CONMEBOL,Colombia,False,F,45,0,0,0,0,,,0,0,0,0,0,0,0,0,0,,,
ARG_20241010_Venezuela,Gerónimo Rulli,2024-10-10,World Cup Qualifying - CONMEBOL,Venezuela,True,G,90,0,0,0,0,,,13,27,0,0,0,0,0,0,0,5.0,1.0,False
ARG_20241010_Venezuela,Nahuel Molina,2024-10-10,World Cup Qualifying - CONMEBOL,Venezuela,True,D,90,0,0,0,0,,,22,28,0,0,0,0,1,0,0,,,
ARG_20241010_Venezuela,Nicolás Otamendi,2024-10-10,World Cup Qualifying - CONMEBOL,Venezuela,True,D,90,1,0,2,1,,,24,34,0,0,1,1,1,0,0,,,
ARG_20241010_Venezuela,Nicolás Tagliafico,2024-10-10,World Cup Qualifying - CONMEBOL,Venezuela,True,D,90,0,0,0,0,,,14,25,0,0,1,0,0,0,0,,,
ARG_20241010_Venezuela,Rodrigo De Paul,2024-10-10,World Cup Qualifying - CONMEBOL,Venezuela,True,M,90,0,0,0,0,,,47,60,2,0,4,0,1,0,0,,,
ARG_20241010_Venezuela,Enzo Fernández,2024-10-10,World Cup Qualifying - CONMEBOL,Venezuela,True,M,85,0,0,1,0,,,29,37,0,0,3,0,1,0,0,,,
ARG_20241010_Venezuela,Giovani Lo Celso,2024-10-10,World Cup Qualifying - CONMEBOL,Venezuela,True,M,68,0,0,0,0,,,16,23,1,0,0,1,0,0,0,,,
ARG_20241010_Venezuela,Thiago Almada,2024-10-10,World Cup Qualifying - CONMEBOL,Venezuela,True,M,45,0,0,1,0,,,11,13,1,0,1,0,0,0,0,,,
ARG_20241010_Venezuela,Lionel Messi,2024-10-10,World Cup Qualifying - CONMEBOL,Venezuela,True,F,90,0,0,2,2,,,32,44,1,0,1,0,0,0,0,,,
ARG_20241010_Venezuela,Julián Álvarez,2024-10-10,World Cup Qualifying - CONMEBOL,Venezuela,True,F,85,0,0,2,1,,,13,21,1,0,2,0,0,0,0,,,
ARG_20241010_Venezuela,Gonzalo Montiel,2024-10-10,World Cup Qualifying - CONMEBOL,Venezuela,False,D,45,0,0,0,0,,,16,24,0,0,2,1,0,0,0,,,
ARG_20241010_Venezuela,Leonardo Balerdi,2024-10-10,World Cup Qualifying - CONMEBOL,Venezuela,False,D,22,0,0,0,0,,,9,10,0,0,0,1,1,0,0,,,
ARG_20241010_Venezuela,Leandro Paredes,2024-10-10,World Cup Qualifying - CONMEBOL,Venezuela,False,M,11,0,0,0,0,,,0,1,0,0,1,0,0,0,0,,,
ARG_20241010_Venezuela,Lautaro Martínez,2024-10-10,World Cup Qualifying - CONMEBOL,Venezuela,False,F,11,0,0,0,0,,,1,2,0,0,0,0,0,0,0,,,
ARG_20241010_Venezuela,Juan Musso,2024-10-10,World Cup Qualifying - CONMEBOL,Venezuela,False,G,45,0,0,0,0,,,0,0,0,0,0,0,0,0,0,0.0,1.0,False
ARG_20241010_Venezuela,Lisandro Martínez,2024-10-10,World Cup Qualifying - CONMEBOL,Venezuela,False,D,45,0,0,0,0,,,0,0,0,0,0,0,0,0,0,,,
ARG_20241010_Venezuela,Alexis Mac Allister,2024-10-10,World Cup Qualifying - CONMEBOL,Venezuela,False,M,45,0,0,0,0,,,0,0,0,0,0,0,0,0,0,,,
ARG_20241010_Venezuela,Exequiel Palacios,2024-10-10,World Cup Qualifying - CONMEBOL,Venezuela,False,M,45,0,0,0,0,,,0,0,0,0,0,0,0,0,0,,,
ARG_20241016_Bolivia,Gerónimo Rulli,2024-10-16,World Cup Qualifying - CONMEBOL,Bolivia,True,G,90,0,0,0,0,,,10,12,0,0,0,0,0,0,0,1.0,0.0,True
ARG_20241016_Bolivia,Nahuel Molina,2024-10-16,World Cup Qualifying - CONMEBOL,Bolivia,True,D,90,0,1,0,0,,,52,53,1,0,1,1,0,0,0,,,
ARG_20241016_Bolivia,Cristian Romero,2024-10-16,World Cup Qualifying - CONMEBOL,Bolivia,True,D,90,0,0,0,0,,,107,112,0,0,1,1,0,0,0,,,
ARG_20241016_Bolivia,Nicolás Otamendi,2024-10-16,World Cup Qualifying - CONMEBOL,Bolivia,True,D,73,0,0,0,0,,,62,63,0,0,0,2,2,0,0,,,
ARG_20241016_Bolivia,Nicolás Tagliafico,2024-10-16,World Cup Qualifying - CONMEBOL,Bolivia,True,D,90,0,0,1,1,,,56,59,0,0,2,2,0,0,0,,,
ARG_20241016_Bolivia,Rodrigo De Paul,2024-10-16,World Cup Qualifying - CONMEBOL,Bolivia,True,M,65,0,0,0,0,,,78,84,1,0,1,1,0,0,0,,,
ARG_20241016_Bolivia,Enzo Fernández,2024-10-16,World Cup Qualifying - CONMEBOL,Bolivia,True,M,90,0,0,0,0,,,108,113,0,0,2,3,0,0,0,,,
ARG_20241016_Bolivia,Alexis Mac Allister,2024-10-16,World Cup Qualifying - CONMEBOL,Bolivia,True,M,66,0,0,1,1,,,30,34,0,0,0,0,0,0,0,,,
ARG_20241016_Bolivia,Lionel Messi,2024-10-16,World Cup Qualifying - CONMEBOL,Bolivia,True,F,90,3,2,7,4,,,54,67,4,0,1,0,0,0,0,,,
ARG_20241016_Bolivia,Lautaro Martínez,2024-10-16,World Cup Qualifying - CONMEBOL,Bolivia,True,F,73,1,1,1,1,,,18,22,1,0,1,0,0,0,0,,,
ARG_20241016_Bolivia,Julián Álvarez,2024-10-16,World Cup Qualifying - CONMEBOL,Bolivia,True,F,65,1,0,3,2,,,36,38,1,0,0,0,0,0,0,,,
ARG_20241016_Bolivia,Thiago Almada,2024-10-16,World Cup Qualifying - CONMEBOL,Bolivia,False,M,25,1,0,1,1,,,17,19,0,0,2,0,0,0,0,,,
ARG_20241016_Bolivia,Exequiel Palacios,2024-10-16,World Cup Qualifying - CONMEBOL,Bolivia,False,M,25,0,1,0,0,,,31,31,1,0,2,0,0,0,0,,,
ARG_20241016_Bolivia,Leandro Paredes,2024-10-16,World Cup Qualifying - CONMEBOL,Bolivia,False,M,24,0,0,0,0,,,43,48,2,0,0,0,0,0,0,,,
ARG_20241016_Bolivia,Lisandro Martínez,2024-10-16,World Cup Qualifying - CONMEBOL,Bolivia,False,D,17,0,0,0,0,,,24,24,0,0,0,1,0,0,0,,,
ARG_20241016_Bolivia,Juan Musso,2024-10-16,World Cup Qualifying - CONMEBOL,Bolivia,False,G,45,0,0,0,0,,,0,0,0,0,0,0,0,0,0,0.0,0.0,True
ARG_20241016_Bolivia,Gonzalo Montiel,2024-10-16,World Cup Qualifying - CONMEBOL,Bolivia,False,D,45,0,0,0,0,,,0,0,0,0,0,0,0,0,0,,,
ARG_20241016_Bolivia,Leonardo Balerdi,2024-10-16,World Cup Qualifying - CONMEBOL,Bolivia,False,D,45,0,0,0,0,,,0,0,0,0,0,0,0,0,0,,,
ARG_20241114_Paraguay,Emiliano Martínez,2024-11-14,World Cup Qualifying - CONMEBOL,Paraguay,True,G,90,0,0,0,0,,,20,21,0,0,0,0,0,0,0,0.0,2.0,False
ARG_20241114_Paraguay,Nahuel Molina,2024-11-14,World Cup Qualifying - CONMEBOL,Paraguay,True,D,78,0,0,0,0,,,19,22,1,0,0,1,0,0,0,,,
ARG_20241114_Paraguay,Cristian Romero,2024-11-14,World Cup Qualifying - CONMEBOL,Paraguay,True,D,45,0,0,0,0,,,37,39,0,0,0,0,1,0,0,,,
ARG_20241114_Paraguay,Nicolás Otamendi,2024-11-14,World Cup Qualifying - CONMEBOL,Paraguay,True,D,90,0,0,0,0,,,92,107,0,0,3,1,1,0,0,,,
ARG_20241114_Paraguay,Nicolás Tagliafico,2024-11-14,World Cup Qualifying - CONMEBOL,Paraguay,True,D,90,0,0,0,0,,,54,64,0,0,6,0,1,0,0,,,
ARG_20241114_Paraguay,Rodrigo De Paul,2024-11-14,World Cup Qualifying - CONMEBOL,Paraguay,True,M,90,0,0,1,0,,,94,108,1,0,0,0,0,0,0,,,
ARG_20241114_Paraguay,Enzo Fernández,2024-11-14,World Cup Qualifying - CONMEBOL,Paraguay,True,M,77,0,1,0,0,,,80,88,1,0,4,0,0,0,0,,,
ARG_20241114_Paraguay,Lionel Messi,2024-11-14,World Cup Qualifying - CONMEBOL,Paraguay,True,M,90,0,0,3,0,,,41,46,2,0,0,0,0,0,0,,,
ARG_20241114_Paraguay,Alexis Mac Allister,2024-11-14,World Cup Qualifying - CONMEBOL,Paraguay,True,M,64,0,0,0,0,,,10,13,0,0,1,0,1,0,0,,,
ARG_20241114_Paraguay,Julián Álvarez,2024-11-14,World Cup Qualifying - CONMEBOL,Paraguay,True,M,86,0,0,1,0,,,36,46,2,0,2,0,0,0,0,,,
ARG_20241114_Paraguay,Lautaro Martínez,2024-11-14,World Cup Qualifying - CONMEBOL,Paraguay,True,F,90,1,0,1,1,,,18,20,1,0,1,0,0,0,0,,,
ARG_20241114_Paraguay,Leonardo Balerdi,2024-11-14,World Cup Qualifying - CONMEBOL,Paraguay,False,D,45,0,0,0,0,,,37,39,0,0,1,2,0,0,0,,,
ARG_20241114_Paraguay,Leandro Paredes,2024-11-14,World Cup Qualifying - CONMEBOL,Paraguay,False,M,13,0,0,1,0,,,16,20,0,0,0,0,0,0,0,,,
ARG_20241114_Paraguay,Gonzalo Montiel,2024-11-14,World Cup Qualifying - CONMEBOL,Paraguay,False,D,12,0,0,0,0,,,3,3,0,0,1,0,0,0,0,,,
ARG_20241114_Paraguay,Gerónimo Rulli,2024-11-14,World Cup Qualifying - CONMEBOL,Paraguay,False,G,45,0,0,0,0,,,0,0,0,0,0,0,0,0,0,0.0,2.0,False
ARG_20241114_Paraguay,Facundo Medina,2024-11-14,World Cup Qualifying - CONMEBOL,Paraguay,False,D,45,0,0,0,0,,,0,0,0,0,0,0,0,0,0,,,
ARG_20241114_Paraguay,Exequiel Palacios,2024-11-14,World Cup Qualifying - CONMEBOL,Paraguay,False,M,45,0,0,0,0,,,0,0,0,0,0,0,0,0,0,,,
ARG_20241114_Paraguay,Giovani Lo Celso,2024-11-14,World Cup Qualifying - CONMEBOL,Paraguay,False,M,45,0,0,0,0,,,0,0,0,0,0,0,0,0,0,,,
ARG_20241114_Paraguay,Thiago Almada,2024-11-14,World Cup Qualifying - CONMEBOL,Paraguay,False,M,45,0,0,0,0,,,0,0,0,0,0,0,0,0,0,,,
ARG_20241120_Peru,Emiliano Martínez,2024-11-20,World Cup Qualifying - CONMEBOL,Peru,True,G,90,0,0,0,0,,,19,20,0,0,0,0,0,0,0,0.0,0.0,True
ARG_20241120_Peru,Gonzalo Montiel,2024-11-20,World Cup Qualifying - CONMEBOL,Peru,True,D,76,0,0,0,0,,,37,42,1,0,2,0,0,0,0,,,
ARG_20241120_Peru,Leonardo Balerdi,2024-11-20,World Cup Qualifying - CONMEBOL,Peru,True,D,89,0,0,0,0,,,87,91,0,0,0,0,0,0,0,,,
ARG_20241120_Peru,Nicolás Otamendi,2024-11-20,World Cup Qualifying - CONMEBOL,Peru,True,D,90,0,0,0,0,,,125,125,0,0,0,1,0,0,0,,,
ARG_20241120_Peru,Nicolás Tagliafico,2024-11-20,World Cup Qualifying - CONMEBOL,Peru,True,D,90,0,0,1,0,,,62,69,0,0,1,3,0,0,0,,,
ARG_20241120_Peru,Rodrigo De Paul,2024-11-20,World Cup Qualifying - CONMEBOL,Peru,True,M,81,0,0,0,0,,,88,94,1,0,2,0,0,0,0,,,
ARG_20241120_Peru,Enzo Fernández,2024-11-20,World Cup Qualifying - CONMEBOL,Peru,True,M,90,0,0,0,0,,,128,135,2,0,2,2,0,0,0,,,
ARG_20241120_Peru,Alexis Mac Allister,2024-11-20,World Cup Qualifying - CONMEBOL,Peru,True,M,89,0,0,3,0,,,39,44,0,0,0,0,0,0,0,,,
ARG_20241120_Peru,Lionel Messi,2024-11-20,World Cup Qualifying - CONMEBOL,Peru,True,F,90,0,1,3,1,,,46,61,3,0,0,1,0,0,0,,,
ARG_20241120_Peru,Lautaro Martínez,2024-11-20,World Cup Qualifying - CONMEBOL,Peru,True,F,81,1,0,3,2,,,22,27,1,0,1,2,0,0,0,,,
ARG_20241120_Peru,Julián Álvarez,2024-11-20,World Cup Qualifying - CONMEBOL,Peru,True,F,90,0,0,1,0,,,43,51,1,0,0,0,0,0,0,,,
ARG_20241120_Peru,Giuliano Simeone,2024-11-20,World Cup Qualifying - CONMEBOL,Peru,False,F,9,0,0,0,0,,,4,4,0,0,1,0,0,0,0,,,
ARG_20241120_Peru,Giovani Lo Celso,2024-11-20,World Cup Qualifying - CONMEBOL,Peru,False,M,9,0,0,0,0,,,17,18,1,0,1,0,0,0,0,,,
ARG_20241120_Peru,Facundo Medina,2024-11-20,World Cup Qualifying - CONMEBOL,Peru,False,D,1,0,0,0,0,,,4,4,0,0,0,0,0,0,0,,,
ARG_20241120_Peru,Leandro Paredes,2024-11-20,World Cup Qualifying - CONMEBOL,Peru,False,M,1,0,0,0,0,,,8,8,0,0,0,0,0,0,0,,,
ARG_20241120_Peru,Gerónimo Rulli,2024-11-20,World Cup Qualifying - CONMEBOL,Peru,False,G,45,0,0,0,0,,,0,0,0,0,0,0,0,0,0,0.0,0.0,True
ARG_20241120_Peru,Exequiel Palacios,2024-11-20,World Cup Qualifying - CONMEBOL,Peru,False,M,45,0,0,0,0,,,0,0,0,0,0,0,0,0,0,,,
ARG_20241120_Peru,Thiago Almada,2024-11-20,World Cup Qualifying - CONMEBOL,Peru,False,M,45,0,0,0,0,,,0,0,0,0,0,0,0,0,0,,,
ARG_20250321_Uruguay,Emiliano Martínez,2025-03-21,World Cup Qualifying - CONMEBOL,Uruguay,True,G,90,0,0,0,0,,,19,25,0,0,0,0,0,0,0,2.0,0.0,True
ARG_20250321_Uruguay,Nahuel Molina,2025-03-21,World Cup Qualifying - CONMEBOL,Uruguay,True,D,90,0,0,1,0,,,25,34,2,0,1,0,0,0,0,,,
ARG_20250321_Uruguay,Cristian Romero,2025-03-21,World Cup Qualifying - CONMEBOL,Uruguay,True,D,90,0,0,0,0,,,42,49,0,0,1,3,1,0,0,,,
ARG_20250321_Uruguay,Nicolás Otamendi,2025-03-21,World Cup Qualifying - CONMEBOL,Uruguay,True,D,90,0,0,1,0,,,38,45,0,0,1,2,1,0,0,,,
ARG_20250321_Uruguay,Nicolás Tagliafico,2025-03-21,World Cup Qualifying - CONMEBOL,Uruguay,True,D,90,0,0,0,0,,,22,24,0,0,4,5,0,0,0,,,
ARG_20250321_Uruguay,Leandro Paredes,2025-03-21,World Cup Qualifying - CONMEBOL,Uruguay,True,M,87,0,0,1,0,,,43,50,1,0,3,2,1,0,0,,,
ARG_20250321_Uruguay,Alexis Mac Allister,2025-03-21,World Cup Qualifying - CONMEBOL,Uruguay,True,M,80,0,0,0,0,,,28,36,2,0,0,0,0,0,0,,,
ARG_20250321_Uruguay,Giuliano Simeone,2025-03-21,World Cup Qualifying - CONMEBOL,Uruguay,True,M,69,0,0,2,1,,,19,25,0,0,1,2,0,0,0,,,
ARG_20250321_Uruguay,Enzo Fernández,2025-03-21,World Cup Qualifying - CONMEBOL,Uruguay,True,M,90,0,0,3,1,,,38,50,0,0,1,0,0,0,0,,,
ARG_20250321_Uruguay,Thiago Almada,2025-03-21,World Cup Qualifying - CONMEBOL,Uruguay,True,M,87,1,0,3,2,,,34,36,0,0,2,1,0,0,0,,,
ARG_20250321_Uruguay,Julián Álvarez,2025-03-21,World Cup Qualifying - CONMEBOL,Uruguay,True,F,90,0,1,1,0,,,37,47,4,0,0,0,0,0,0,,,
ARG_20250321_Uruguay,Nicolás González,2025-03-21,World Cup Qualifying - CONMEBOL,Uruguay,False,F,26,0,0,0,0,,,5,5,0,0,0,0,0,0,0,,,
ARG_20250321_Uruguay,Exequiel Palacios,2025-03-21,World Cup Qualifying - CONMEBOL,Uruguay,False,M,10,0,0,0,0,,,1,1,0,0,1,1,0,0,0,,,
ARG_20250321_Uruguay,Leonardo Balerdi,2025-03-21,World Cup Qualifying - CONMEBOL,Uruguay,False,D,10,0,0,0,0,,,1,2,0,0,0,0,0,0,0,,,
ARG_20250321_Uruguay,Gerónimo Rulli,2025-03-21,World Cup Qualifying - CONMEBOL,Uruguay,False,G,45,0,0,0,0,,,0,0,0,0,0,0,0,0,0,0.0,0.0,True
ARG_20250321_Uruguay,Facundo Medina,2025-03-21,World Cup Qualifying - CONMEBOL,Uruguay,False,D,45,0,0,0,0,,,0,0,0,0,0,0,0,0,0,,,
ARG_20250321_Uruguay,Rodrigo De Paul,2025-03-21,World Cup Qualifying - CONMEBOL,Uruguay,False,M,45,0,0,0,0,,,0,0,0,0,0,0,0,0,0,,,
ARG_20250326_Brazil,Emiliano Martínez,2025-03-26,World Cup Qualifying - CONMEBOL,Brazil,True,G,90,0,0,0,0,,,28,34,0,0,0,0,0,0,0,0.0,1.0,False
ARG_20250326_Brazil,Nahuel Molina,2025-03-26,World Cup Qualifying - CONMEBOL,Brazil,True,D,90,0,0,0,0,,,43,47,0,0,0,0,0,0,0,,,
ARG_20250326_Brazil,Cristian Romero,2025-03-26,World Cup Qualifying - CONMEBOL,Brazil,True,D,90,0,0,0,0,,,49,55,0,0,1,2,0,0,0,,,
ARG_20250326_Brazil,Nicolás Otamendi,2025-03-26,World Cup Qualifying - CONMEBOL,Brazil,True,D,90,0,0,0,0,,,50,51,0,0,2,1,0,0,0,,,
ARG_20250326_Brazil,Nicolás Tagliafico,2025-03-26,World Cup Qualifying - CONMEBOL,Brazil,True,D,76,0,1,1,0,,,22,24,1,0,0,0,0,0,0,,,
ARG_20250326_Brazil,Leandro Paredes,2025-03-26,World Cup Qualifying - CONMEBOL,Brazil,True,M,82,0,0,2,1,,,59,61,0,0,0,0,0,0,0,,,
ARG_20250326_Brazil,Rodrigo De Paul,2025-03-26,World Cup Qualifying - CONMEBOL,Brazil,True,M,90,0,0,1,0,,,68,76,2,0,2,1,0,0,0,,,
ARG_20250326_Brazil,Alexis Mac Allister,2025-03-26,World Cup Qualifying - CONMEBOL,Brazil,True,M,76,1,0,1,1,,,27,31,0,0,1,1,0,0,0,,,
ARG_20250326_Brazil,Thiago Almada,2025-03-26,World Cup Qualifying - CONMEBOL,Brazil,True,M,68,0,0,2,1,,,29,35,1,0,0,0,0,0,0,,,
ARG_20250326_Brazil,Enzo Fernández,2025-03-26,World Cup Qualifying - CONMEBOL,Brazil,True,F,90,1,1,2,1,,,48,52,2,0,2,0,1,0,0,,,
ARG_20250326_Brazil,Julián Álvarez,2025-03-26,World Cup Qualifying - CONMEBOL,Brazil,True,F,82,1,0,2,2,,,27,32,0,0,2,0,0,0,0,,,
ARG_20250326_Brazil,Giuliano Simeone,2025-03-26,World Cup Qualifying - CONMEBOL,Brazil,False,F,22,1,0,1,1,,,9,11,1,0,0,0,0,0,0,,,
ARG_20250326_Brazil,Facundo Medina,2025-03-26,World Cup Qualifying - CONMEBOL,Brazil,False,D,14,0,0,0,0,,,6,7,0,0,1,0,0,0,0,,,
ARG_20250326_Brazil,Exequiel Palacios,2025-03-26,World Cup Qualifying - CONMEBOL,Brazil,False,M,8,0,0,0,0,,,5,5,0,0,1,0,0,0,0,,,
ARG_20250326_Brazil,Gerónimo Rulli,2025-03-26,World Cup Qualifying - CONMEBOL,Brazil,False,G,45,0,0,0,0,,,0,0,0,0,0,0,0,0,0,0.0,1.0,False
ARG_20250326_Brazil,Leonardo Balerdi,2025-03-26,World Cup Qualifying - CONMEBOL,Brazil,False,D,45,0,0,0,0,,,0,0,0,0,0,0,0,0,0,,,
ARG_20250606_Chile,Emiliano Martínez,2025-06-06,World Cup Qualifying - CONMEBOL,Chile,True,G,90,0,0,0,0,,,41,43,0,0,0,0,0,0,0,3.0,0.0,True
ARG_20250606_Chile,Nahuel Molina,2025-06-06,World Cup Qualifying - CONMEBOL,Chile,True,D,90,0,0,0,0,,,46,55,0,0,0,2,0,0,0,,,
ARG_20250606_Chile,Cristian Romero,2025-06-06,World Cup Qualifying - CONMEBOL,Chile,True,D,90,0,0,0,0,,,106,109,1,0,3,3,2,0,0,,,
ARG_20250606_Chile,Leonardo Balerdi,2025-06-06,World Cup Qualifying - CONMEBOL,Chile,True,D,79,0,0,0,0,,,89,91,0,0,0,0,0,0,0,,,
ARG_20250606_Chile,Nicolás Tagliafico,2025-06-06,World Cup Qualifying - CONMEBOL,Chile,True,D,90,0,0,0,0,,,39,42,0,0,0,3,0,0,0,,,
ARG_20250606_Chile,Exequiel Palacios,2025-06-06,World Cup Qualifying - CONMEBOL,Chile,True,M,90,0,0,0,0,,,95,103,0,0,4,0,0,0,0,,,
ARG_20250606_Chile,Rodrigo De Paul,2025-06-06,World Cup Qualifying - CONMEBOL,Chile,True,M,90,0,0,1,0,,,99,104,2,0,4,0,0,0,0,,,
ARG_20250606_Chile,Giuliano Simeone,2025-06-06,World Cup Qualifying - CONMEBOL,Chile,True,M,84,0,0,3,1,,,30,36,3,0,4,0,0,0,0,,,
ARG_20250606_Chile,Thiago Almada,2025-06-06,World Cup Qualifying - CONMEBOL,Chile,True,M,84,0,1,1,1,,,46,57,1,0,0,4,0,0,0,,,
ARG_20250606_Chile,Julián Álvarez,2025-06-06,World Cup Qualifying - CONMEBOL,Chile,True,F,80,1,0,1,1,,,31,40,0,0,2,0,0,0,0,,,
ARG_20250606_Chile,Lionel Messi,2025-06-06,World Cup Qualifying - CONMEBOL,Chile,False,F,33,0,0,2,1,,,13,16,1,0,0,0,0,0,0,,,
ARG_20250606_Chile,Facundo Medina,2025-06-06,World Cup Qualifying - CONMEBOL,Chile,False,D,11,0,0,0,0,,,10,12,0,0,0,0,0,0,0,,,
ARG_20250606_Chile,Gerónimo Rulli,2025-06-06,World Cup Qualifying - CONMEBOL,Chile,False,G,45,0,0,0,0,,,0,0,0,0,0,0,0,0,0,0.0,0.0,True
ARG_20250606_Chile,Valentín Barco,2025-06-06,World Cup Qualifying - CONMEBOL,Chile,False,D,45,0,0,0,0,,,0,0,0,0,0,0,0,0,0,,,
ARG_20250606_Chile,Lautaro Martínez,2025-06-06,World Cup Qualifying - CONMEBOL,Chile,False,F,45,0,0,0,0,,,0,0,0,0,0,0,0,0,0,,,
ARG_20250611_Colombia,Emiliano Martínez,2025-06-11,World Cup Qualifying - CONMEBOL,Colombia,True,G,90,0,0,0,0,,,22,25,0,0,0,0,0,0,0,4.0,1.0,False
ARG_20250611_Colombia,Nahuel Molina,2025-06-11,World Cup Qualifying - CONMEBOL,Colombia,True,D,45,0,0,0,0,,,15,17,0,0,0,0,0,0,0,,,
ARG_20250611_Colombia,Cristian Romero,2025-06-11,World Cup Qualifying - CONMEBOL,Colombia,True,D,90,0,0,0,0,,,66,69,0,0,1,5,1,0,0,,,
ARG_20250611_Colombia,Nicolás Otamendi,2025-06-11,World Cup Qualifying - CONMEBOL,Colombia,True,D,90,0,0,1,0,,,64,69,0,0,3,1,1,0,0,,,
ARG_20250611_Colombia,Facundo Medina,2025-06-11,World Cup Qualifying - CONMEBOL,Colombia,True,D,78,0,0,0,0,,,39,45,0,0,2,0,1,0,0,,,
ARG_20250611_Colombia,Rodrigo De Paul,2025-06-11,World Cup Qualifying - CONMEBOL,Colombia,True,M,45,0,0,0,0,,,38,41,0,0,3,1,0,0,0,,,
ARG_20250611_Colombia,Leandro Paredes,2025-06-11,World Cup Qualifying - CONMEBOL,Colombia,True,M,90,0,0,0,0,,,100,101,1,0,3,0,0,0,0,,,
ARG_20250611_Colombia,Enzo Fernández,2025-06-11,World Cup Qualifying - CONMEBOL,Colombia,True,M,70,0,0,1,0,,,52,56,0,0,1,1,0,0,0,,,
ARG_20250611_Colombia,Lionel Messi,2025-06-11,World Cup Qualifying - CONMEBOL,Colombia,True,F,78,0,0,4,0,,,43,54,1,0,1,1,0,0,0,,,
ARG_20250611_Colombia,Julián Álvarez,2025-06-11,World Cup Qualifying - CONMEBOL,Colombia,True,F,90,0,0,1,1,,,26,30,1,0,1,0,0,0,0,,,
ARG_20250611_Colombia,Thiago Almada,2025-06-11,World Cup Qualifying - CONMEBOL,Colombia,True,F,89,1,0,1,1,,,54,59,3,0,3,1,0,0,0,,,
ARG_20250611_Colombia,Nicolás González,2025-06-11,World Cup Qualifying - CONMEBOL,Colombia,False,F,45,0,0,2,1,,,10,10,1,0,0,3,0,0,0,,,
ARG_20250611_Colombia,Giuliano Simeone,2025-06-11,World Cup Qualifying - CONMEBOL,Colombia,False,F,45,0,0,0,0,,,15,19,0,0,1,0,1,0,0,,,
ARG_20250611_Colombia,Exequiel Palacios,2025-06-11,World Cup Qualifying - CONMEBOL,Colombia,False,M,12,0,1,0,0,,,5,6,1,0,0,0,0,0,0,,,
ARG_20250611_Colombia,Leonardo Balerdi,2025-06-11,World Cup Qualifying - CONMEBOL,Colombia,False,D,1,0,0,0,0,,,0,0,0,0,0,0,0,0,0,,,
ARG_20250611_Colombia,Gerónimo Rulli,2025-06-11,World Cup Qualifying - CONMEBOL,Colombia,False,G,45,0,0,0,0,,,0,0,0,0,0,0,0,0,0,0.0,1.0,False
ARG_20250611_Colombia,Valentín Barco,2025-06-11,World Cup Qualifying - CONMEBOL,Colombia,False,D,45,0,0,0,0,,,0,0,0,0,0,0,0,0,0,,,
ARG_20250611_Colombia,Lautaro Martínez,2025-06-11,World Cup Qualifying - CONMEBOL,Colombia,False,F,45,0,0,0,0,,,0,0,0,0,0,0,0,0,0,,,
ARG_20250904_Venezuela,Emiliano Martínez,2025-09-04,World Cup Qualifying - CONMEBOL,Venezuela,True,G,90,0,0,0,0,,,20,21,0,0,0,0,0,0,0,0.0,0.0,True
ARG_20250904_Venezuela,Nahuel Molina,2025-09-04,World Cup Qualifying - CONMEBOL,Venezuela,True,D,81,0,0,0,0,,,51,56,0,0,1,1,0,0,0,,,
ARG_20250904_Venezuela,Cristian Romero,2025-09-04,World Cup Qualifying - CONMEBOL,Venezuela,True,D,90,0,0,0,0,,,99,103,0,0,1,3,1,0,0,,,
ARG_20250904_Venezuela,Nicolás Otamendi,2025-09-04,World Cup Qualifying - CONMEBOL,Venezuela,True,D,90,0,0,1,0,,,99,101,0,0,0,2,0,0,0,,,
ARG_20250904_Venezuela,Nicolás Tagliafico,2025-09-04,World Cup Qualifying - CONMEBOL,Venezuela,True,D,90,0,0,1,1,,,45,48,0,0,1,0,0,0,0,,,
ARG_20250904_Venezuela,Rodrigo De Paul,2025-09-04,World Cup Qualifying - CONMEBOL,Venezuela,True,M,90,0,0,1,0,,,113,123,1,0,0,0,0,0,0,,,
ARG_20250904_Venezuela,Leandro Paredes,2025-09-04,World Cup Qualifying - CONMEBOL,Venezuela,True,M,74,0,0,0,0,,,94,99,1,0,1,0,0,0,0,,,
ARG_20250904_Venezuela,Thiago Almada,2025-09-04,World Cup Qualifying - CONMEBOL,Venezuela,True,M,81,0,1,3,1,,,62,66,4,0,0,0,0,0,0,,,
ARG_20250904_Venezuela,Lionel Messi,2025-09-04,World Cup Qualifying - CONMEBOL,Venezuela,True,F,90,2,0,7,4,,,68,76,5,0,0,0,0,0,0,,,
ARG_20250904_Venezuela,Julián Álvarez,2025-09-04,World Cup Qualifying - CONMEBOL,Venezuela,True,F,74,0,1,1,1,,,30,34,4,0,0,0,0,0,0,,,
ARG_20250904_Venezuela,Nicolás González,2025-09-04,World Cup Qualifying - CONMEBOL,Venezuela,False,F,27,0,1,1,1,,,10,11,1,0,0,0,0,0,0,,,
ARG_20250904_Venezuela,Exequiel Palacios,2025-09-04,World Cup Qualifying - CONMEBOL,Venezuela,False,M,16,0,0,0,0,,,30,30,0,0,0,0,0,0,0,,,
ARG_20250904_Venezuela,Lautaro Martínez,2025-09-04,World Cup Qualifying - CONMEBOL,Venezuela,False,F,16,1,0,1,1,,,4,5,0,0,0,0,0,0,0,,,
ARG_20250904_Venezuela,Giuliano Simeone,2025-09-04,World Cup Qualifying - CONMEBOL,Venezuela,False,F,9,0,0,0,0,,,6,6,0,0,1,0,0,0,0,,,
ARG_20250904_Venezuela,Gerónimo Rulli,2025-09-04,World Cup Qualifying - CONMEBOL,Venezuela,False,G,45,0,0,0,0,,,0,0,0,0,0,0,0,0,0,0.0,0.0,True
ARG_20250904_Venezuela,Gonzalo Montiel,2025-09-04,World Cup Qualifying - CONMEBOL,Venezuela,False,D,45,0,0,0,0,,,0,0,0,0,0,0,0,0,0,,,
ARG_20250904_Venezuela,Leonardo Balerdi,2025-09-04,World Cup Qualifying - CONMEBOL,Venezuela,False,D,45,0,0,0,0,,,0,0,0,0,0,0,0,0,0,,,
ARG_20250904_Venezuela,Giovani Lo Celso,2025-09-04,World Cup Qualifying - CONMEBOL,Venezuela,False,M,45,0,0,0,0,,,0,0,0,0,0,0,0,0,0,,,
ARG_20250904_Venezuela,Alexis Mac Allister,2025-09-04,World Cup Qualifying - CONMEBOL,Venezuela,False,M,45,0,0,0,0,,,0,0,0,0,0,0,0,0,0,,,
ARG_20250909_Ecuador,Emiliano Martínez,2025-09-09,World Cup Qualifying - CONMEBOL,Ecuador,True,G,90,0,0,0,0,,,23,28,0,0,0,0,0,0,0,3.0,1.0,False
ARG_20250909_Ecuador,Gonzalo Montiel,2025-09-09,World Cup Qualifying - CONMEBOL,Ecuador,True,D,68,0,0,0,0,,,27,32,0,0,2,0,1,0,0,,,
ARG_20250909_Ecuador,Leonardo Balerdi,2025-09-09,World Cup Qualifying - CONMEBOL,Ecuador,True,D,90,0,0,0,0,,,76,79,0,0,1,1,0,0,0,,,
ARG_20250909_Ecuador,Nicolás Otamendi,2025-09-09,World Cup Qualifying - CONMEBOL,Ecuador,True,D,31,0,0,0,0,,,17,18,0,0,0,0,0,0,0,,,
ARG_20250909_Ecuador,Nicolás Tagliafico,2025-09-09,World Cup Qualifying - CONMEBOL,Ecuador,True,D,90,0,0,1,0,,,45,47,0,0,1,0,0,0,0,,,
ARG_20250909_Ecuador,Rodrigo De Paul,2025-09-09,World Cup Qualifying - CONMEBOL,Ecuador,True,M,68,0,0,0,0,,,39,47,0,0,1,0,1,0,0,,,
ARG_20250909_Ecuador,Leandro Paredes,2025-09-09,World Cup Qualifying - CONMEBOL,Ecuador,True,M,62,0,0,1,0,,,35,39,1,0,0,0,0,0,0,,,
ARG_20250909_Ecuador,Giuliano Simeone,2025-09-09,World Cup Qualifying - CONMEBOL,Ecuador,True,M,38,0,0,0,0,,,7,7,0,0,1,1,0,0,0,,,
ARG_20250909_Ecuador,Alexis Mac Allister,2025-09-09,World Cup Qualifying - CONMEBOL,Ecuador,True,M,90,0,0,0,0,,,50,56,0,0,4,1,0,0,0,,,
ARG_20250909_Ecuador,Nicolás González,2025-09-09,World Cup Qualifying - CONMEBOL,Ecuador,True,M,90,0,0,0,0,,,22,26,0,0,4,0,1,0,0,,,
ARG_20250909_Ecuador,Lautaro Martínez,2025-09-09,World Cup Qualifying - CONMEBOL,Ecuador,True,F,63,0,0,2,0,,,18,22,0,0,0,0,0,0,0,,,
ARG_20250909_Ecuador,Julián Álvarez,2025-09-09,World Cup Qualifying - CONMEBOL,Ecuador,False,F,27,0,0,0,0,,,8,13,0,0,0,0,0,0,0,,,
ARG_20250909_Ecuador,Nahuel Molina,2025-09-09,World Cup Qualifying - CONMEBOL,Ecuador,False,D,22,0,0,0,0,,,19,20,2,0,0,0,0,0,0,,,
ARG_20250909_Ecuador,Giovani Lo Celso,2025-09-09,World Cup Qualifying - CONMEBOL,Ecuador,False,M,22,0,0,2,0,,,12,16,1,0,1,0,0,0,0,,,
ARG_20250909_Ecuador,Gerónimo Rulli,2025-09-09,World Cup Qualifying - CONMEBOL,Ecuador,False,G,45,0,0,0,0,,,0,0,0,0,0,0,0,0,0,0.0,1.0,False
ARG_20250909_Ecuador,Exequiel Palacios,2025-09-09,World Cup Qualifying - CONMEBOL,Ecuador,False,M,45,0,0,0,0,,,0,0,0,0,0,0,0,0,0,,,
